,dateTime8601,Instrument,Action,Station,Cast,Latitude,Longitude,Comment,Message.ID,cruise,date,Year,Month,Day,time
1,2018-01-31 20:46:13+00:00,Bongo Net,deploy,L1,B1,41.1947,-70.8826,net rinsed down at 21:50 bc had to get seawater hose set up,NA,EN608,31-01-18,2018,1,31,20:46:13
2,2018-02-01 06:24:59+00:00,Bongo Net,deploy,L2,B4,41.0105,-70.8686,NA,NA,EN608,01-02-18,2018,2,1,06:24:59
3,2018-02-01 10:24:59+00:00,Bongo Net,deploy,L3,B5,40.8435,-70.8872,time adjusted manually - note the event time is when stowed on deck,NA,EN608,01-02-18,2018,2,1,10:24:59
4,2018-02-01 20:08:01+00:00,Bongo Net,deploy,L4,B8,40.6829,-70.8819,NA,NA,EN608,01-02-18,2018,2,1,20:08:01
5,2018-02-02 00:11:58+00:00,Bongo Net,deploy,L5,B9,40.5184,-70.9003,Entered after the tow; time taken from TDR (thus accurate),NA,EN608,02-02-18,2018,2,2,00:11:58
6,2018-02-02 11:15:59+00:00,Bongo Net,deploy,L6,B12,40.353,-70.8972,adjust time manually 10:52 - 25 to 30 kt wind recovery was above comfort level bridge agrees,NA,EN608,02-02-18,2018,2,2,11:15:59
7,2018-02-03 18:34:36+00:00,Bongo Net,deploy,L11,B19,39.7599,-70.8901,NA,NA,EN608,03-02-18,2018,2,3,18:34:36
8,2018-02-03 23:44:59+00:00,Bongo Net,deploy,L10,B21,39.9166,-70.8867,Edited time to be 7 min earlier than when event entered,NA,EN608,03-02-18,2018,2,3,23:44:59
9,2018-02-04 02:40:00+00:00,Bongo Net,deploy,L9,B22,40.0931,-70.8687,Logged 10 min after start. Changed time to reflect this.,NA,EN608,04-02-18,2018,2,4,02:40:00
10,2018-02-04 05:49:29+00:00,Bongo Net,deploy,L7,B23,40.2201,-70.866,NA,NA,EN608,04-02-18,2018,2,4,05:49:29
11,2018-02-05 00:24:59+00:00,Bongo Net,deploy,MVCO,B30,41.3201,-70.5718,time adjusted manually; is exact time of deployment,NA,EN608,05-02-18,2018,2,5,00:24:59
12,2018-07-20 18:45:31+00:00,Bongo Net,deploy,L1,B1,41.203333,-70.887017,New Winch from EN608,NA,EN617,20-07-18,2018,7,20,18:45:31
13,2018-07-20 22:14:54+00:00,Bongo Net,deploy,L2,B2,41.034783,-70.875367,NA,NA,EN617,20-07-18,2018,7,20,22:14:54
14,2018-07-21 07:38:01+00:00,Bongo Net,deploy,L3,B5,40.86585,-70.882533,NA,NA,EN617,21-07-18,2018,7,21,07:38:01
15,2018-07-21 15:38:27+00:00,Bongo Net,deploy,L4,B8,40.706033,-70.871483,NA,NA,EN617,21-07-18,2018,7,21,15:38:27
16,2018-07-21 18:04:45+00:00,Bongo Net,deploy,L5,B9,40.5224,-70.87265,NA,NA,EN617,21-07-18,2018,7,21,18:04:45
17,2018-07-22 02:53:53+00:00,Bongo Net,deploy,L6,B12,40.375433,-70.8851,NA,NA,EN617,22-07-18,2018,7,22,02:53:53
18,2018-07-22 05:50:27+00:00,Bongo Net,deploy,L7,B13,40.23185,-70.886017,NA,NA,EN617,22-07-18,2018,7,22,05:50:27
19,2018-07-22 07:43:16+00:00,Bongo Net,deploy,L8,B14,40.142217,-70.76645,NA,NA,EN617,22-07-18,2018,7,22,07:43:16
20,2018-07-22 19:06:34+00:00,Bongo Net,deploy,L9,B17,40.0996,-70.87415,NA,NA,EN617,22-07-18,2018,7,22,19:06:34
21,2018-07-22 22:50:12+00:00,Bongo Net,deploy,L10,B18,39.943733,-70.870183,NA,NA,EN617,22-07-18,2018,7,22,22:50:12
22,2018-07-23 14:47:01+00:00,Bongo Net,deploy,L11,B21,39.771317,-70.876533,NA,NA,EN617,23-07-18,2018,7,23,14:47:01
23,2018-07-24 08:19:46+00:00,Bongo Net,deploy,L11,B25,39.768483,-70.856617,tow yo to 10 meters for 1 nm to calibrate flowmeter--tow 1,NA,EN617,24-07-18,2018,7,24,08:19:46
24,2018-07-24 08:48:46+00:00,Bongo Net,recover,L11,B25,39.757967,-70.837417,tow yo to 10 meters for 1 nm to calibrate flowmeter--tow 1,NA,EN617,24-07-18,2018,7,24,08:48:46
25,2018-07-24 09:24:16+00:00,Bongo Net,deploy,L11,B25,39.761433,-70.84275,tow yo to 10 meters for 1 nm to calibrate flowmeter--tow 2,NA,EN617,24-07-18,2018,7,24,09:24:16
26,2018-07-24 09:53:01+00:00,Bongo Net,recover,L11,B25,39.770633,-70.860533,tow yo to 10 meters for 1 nm to calibrate flowmeter--tow 2,NA,EN617,24-07-18,2018,7,24,09:53:01
27,2018-07-25 01:43:00+00:00,Bongo Net,deploy,MVCO,B35,41.3223,-70.57515,NA,NA,EN617,25-07-18,2018,7,25,01:43:00
28,2018-07-25 02:10:18+00:00,Bongo Net,deploy,MVCO,B35,41.31645,-70.558483,Flowmeter calibration ,NA,EN617,25-07-18,2018,7,25,02:10:18
29,2019-02-01 22:54:58+00:00,Bongo Net,deploy,L1,B3,41.1969,-70.8787,Most recent profile data is cast 3; Incomplete sample only kept 2 size fractions from 20um net,NA,EN627,01-02-19,2019,2,1,22:54:58
30,2019-02-01 22:59:59+00:00,Bongo Net,recover,L1,B3,41.1956,-70.8814,hit bottom; 150 net and 335 net with sand; no sample in either. Sample recovered from 20um net; two size fractions,NA,EN627,01-02-19,2019,2,1,22:59:59
31,2019-02-02 07:43:19+00:00,Bongo Net,deploy,L2,NA,41.0296,-70.8801,NETS HIT BOTTOM AND COLLECTED SAND; NO SAMPLE SAVED; FOLLOWING THIS WITH WINCH WIRE SPEED CALIBRATION,NA,EN627,02-02-19,2019,2,2,07:43:19
32,2019-02-02 08:31:43+00:00,Bongo Net,deploy,L2,B7,41.0226,-70.8842,SECOND ATTEMPT FOR B07,NA,EN627,02-02-19,2019,2,2,08:31:43
33,2019-02-02 10:43:38+00:00,Bongo Net,deploy,L3,B8,40.8625,-70.8819,NA,NA,EN627,02-02-19,2019,2,2,10:43:38
34,2019-02-02 10:49:48+00:00,Bongo Net,recover,L3,B8,40.8636,-70.8852,NA,NA,EN627,02-02-19,2019,2,2,10:49:48
35,2019-02-02 20:35:34+00:00,Bongo Net,deploy,L4,B12,40.694892,-70.87184,NA,NA,EN627,02-02-19,2019,2,2,20:35:34
36,2019-02-02 20:45:19+00:00,Bongo Net,recover,L4,B12,40.690232,-70.872432,NA,NA,EN627,02-02-19,2019,2,2,20:45:19
37,2019-02-03 11:33:34+00:00,Bongo Net,deploy,L6,B16,40.364375,-70.89299,NA,NA,EN627,03-02-19,2019,2,3,11:33:34
38,2019-02-03 11:45:19+00:00,Bongo Net,recover,L6,B16,40.36728,-70.899867,NA,NA,EN627,03-02-19,2019,2,3,11:45:19
39,2019-02-03 14:31:34+00:00,Bongo Net,deploy,L7,B17,40.227492,-70.889165,added 2 minutes to account for fixing orientation of 20 um net; these during two minutes bongo was sampling surface water,NA,EN627,03-02-19,2019,2,3,14:31:34
40,2019-02-03 14:50:12+00:00,Bongo Net,recover,L7,B17,40.223787,-70.898028,NA,NA,EN627,03-02-19,2019,2,3,14:50:12
41,2019-02-03 18:56:34+00:00,Bongo Net,deploy,L8,B19,40.120472,-70.766567,Updated time to start of re-do cast--hit bottom on first cast,NA,EN627,03-02-19,2019,2,3,18:56:34
42,2019-02-03 19:12:04+00:00,Bongo Net,recover,L8,B19,40.115012,-70.76863,NA,NA,EN627,03-02-19,2019,2,3,19:12:04
43,2019-02-04 02:28:04+00:00,Bongo Net,deploy,L9,NA,40.100357,-70.876457,tow stopped; meter block malfunctioning NO SAMPLE SAVED,NA,EN627,04-02-19,2019,2,4,02:28:04
44,2019-02-04 02:31:04+00:00,Bongo Net,recover,L9,NA,40.101997,-70.876555,No sample,NA,EN627,04-02-19,2019,2,4,02:31:04
45,2019-02-04 02:48:49+00:00,Bongo Net,deploy,L9,B22,40.104692,-70.878587,NA,NA,EN627,04-02-19,2019,2,4,02:48:49
46,2019-02-04 03:07:04+00:00,Bongo Net,recover,L9,B22,40.112435,-70.87423,NA,NA,EN627,04-02-19,2019,2,4,03:07:04
47,2019-02-04 07:39:04+00:00,Bongo Net,deploy,L10,B24,39.938198,-70.884807,NA,NA,EN627,04-02-19,2019,2,4,07:39:04
48,2019-02-04 08:05:04+00:00,Bongo Net,recover,L10,B24,39.944832,-70.876267,NA,NA,EN627,04-02-19,2019,2,4,08:05:04
49,2019-02-04 10:36:19+00:00,Bongo Net,deploy,L11,B25,39.77296,-70.883958,extra 3 minutes at surface to untwist 20 um net upon deployment,NA,EN627,04-02-19,2019,2,4,10:36:19
50,2019-02-04 11:13:19+00:00,Bongo Net,recover,L11,B25,39.791038,-70.883995,NA,NA,EN627,04-02-19,2019,2,4,11:13:19
51,2019-02-04 19:33:19+00:00,Bongo Net,other,L11,NA,39.77275,-70.88184,Flowmeter Calibration 1 Start,NA,EN627,04-02-19,2019,2,4,19:33:19
52,2019-02-04 20:14:19+00:00,Bongo Net,other,L11,NA,39.765645,-70.860492,Flowmeter Calibration 1 End,NA,EN627,04-02-19,2019,2,4,20:14:19
53,2019-02-04 20:25:49+00:00,Bongo Net,other,L11,NA,39.763642,-70.859907,Flowmeter Calibration 2 Start,NA,EN627,04-02-19,2019,2,4,20:25:49
54,2019-02-04 20:36:19+00:00,Bongo Net,other,L11,NA,39.76604,-70.866005,Flowmeter Calibration 2 End,NA,EN627,04-02-19,2019,2,4,20:36:19
55,2019-02-05 03:38:19+00:00,Bongo Net,deploy,u11c,B29,39.78149,-70.527048,NA,NA,EN627,05-02-19,2019,2,5,03:38:19
56,2019-02-05 04:09:19+00:00,Bongo Net,recover,u11c,B29,39.794687,-70.524907,NA,NA,EN627,05-02-19,2019,2,5,04:09:19
57,2019-02-05 19:24:04+00:00,Bongo Net,deploy,L5,B40,40.512102,-70.886,NA,NA,EN627,05-02-19,2019,2,5,19:24:04
58,2019-02-05 19:33:34+00:00,Bongo Net,recover,L5,B40,40.507608,-70.881883,NA,NA,EN627,05-02-19,2019,2,5,19:33:34
59,2019-02-06 02:03:04+00:00,Bongo Net,deploy,L1,B44,41.193605,-70.881818,NA,NA,EN627,06-02-19,2019,2,6,02:03:04
60,2019-02-06 02:08:00+00:00,Bongo Net,recover,L1,B44,41.191173,-70.882293,NA,NA,EN627,06-02-19,2019,2,6,02:08:00
61,2019-02-06 04:40:14+00:00,Bongo Net,deploy,MVCO,B45,41.318197,-70.574758,NA,NA,EN627,06-02-19,2019,2,6,04:40:14
62,2019-02-06 04:44:04+00:00,Bongo Net,recover,MVCO,B45,41.317912,-70.577323,NA,NA,EN627,06-02-19,2019,2,6,04:44:04
63,2019-08-20 20:19:00+00:00,Bongo Net,deploy,L1,B1,41.1934,-70.8845,NA,66,EN644,20-08-19,2019,8,20,20:19:00
64,2019-08-20 20:23:02+00:00,Bongo Net,recover,L1,B1,41.1922,-70.8822,NA,67,EN644,20-08-19,2019,8,20,20:23:02
65,2019-08-21 00:01:02+00:00,Bongo Net,deploy,L2,B2,41.0276,-70.8794,NA,68,EN644,21-08-19,2019,8,21,00:01:02
66,2019-08-21 00:10:00+00:00,Bongo Net,recover,L2,B2,41.0267,-70.8761,NA,69,EN644,21-08-19,2019,8,21,00:10:00
67,2019-08-21 08:15:02+00:00,Bongo Net,deploy,L3,B5,40.8648,-70.8748,NA,89,EN644,21-08-19,2019,8,21,08:15:02
68,2019-08-21 08:25:02+00:00,Bongo Net,recover,L3,B5,40.8676,-70.8688,NA,90,EN644,21-08-19,2019,8,21,08:25:02
69,2019-08-21 21:12:00+00:00,Bongo Net,deploy,L6,B7,40.3441,-70.875,NA,105,EN644,21-08-19,2019,8,21,21:12:00
70,2019-08-21 21:25:00+00:00,Bongo Net,recover,L6,B7,40.3378,-70.8751,NA,106,EN644,21-08-19,2019,8,21,21:25:00
71,2019-08-22 02:51:00+00:00,Bongo Net,deploy,L7,B8,40.2217,-70.8846,NA,115,EN644,22-08-19,2019,8,22,02:51:00
72,2019-08-22 03:05:00+00:00,Bongo Net,recover,L7,B8,40.2158,-70.8879,NA,116,EN644,22-08-19,2019,8,22,03:05:00
73,2019-08-22 05:31:01+00:00,Bongo Net,deploy,L8,B9,40.1212,-70.7736,NA,120,EN644,22-08-19,2019,8,22,05:31:01
74,2019-08-22 05:36:01+00:00,Bongo Net,recover,L8,B9,40.1194,-70.7792,Didn't collect sample because of bad weather,121,EN644,22-08-19,2019,8,22,05:36:01
75,2019-08-22 14:09:31+00:00,Bongo Net,deploy,L9,B12,40.0727,-70.9116,Hit bottom; no sample,136,EN644,22-08-19,2019,8,22,14:09:31
76,2019-08-22 14:32:01+00:00,Bongo Net,recover,L9,B12,40.0688,-70.9153,NA,137,EN644,22-08-19,2019,8,22,14:32:01
77,2019-08-22 15:07:31+00:00,Bongo Net,deploy,L9,B12,40.0949,-70.8869,recast at L9 after htting bottom - hit bottom again,138,EN644,22-08-19,2019,8,22,15:07:31
78,2019-08-22 15:26:01+00:00,Bongo Net,recover,L9,B12,40.0887,-70.8884,hit bottom,140,EN644,22-08-19,2019,8,22,15:26:01
79,2019-08-22 17:47:01+00:00,Bongo Net,deploy,L10,B13,39.9319,-70.8849,NA,142,EN644,22-08-19,2019,8,22,17:47:01
80,2019-08-22 18:15:01+00:00,Bongo Net,recover,L10,B13,39.9255,-70.8883,NA,164,EN644,22-08-19,2019,8,22,18:15:01
81,2019-08-23 03:07:02+00:00,Bongo Net,deploy,L11,B17,39.762,-71.0547,NA,165,EN644,23-08-19,2019,8,23,03:07:02
82,2019-08-23 03:30:02+00:00,Bongo Net,recover,L11,B17,39.756,-71.0559,NA,166,EN644,23-08-19,2019,8,23,03:30:02
83,2019-08-23 16:15:02+00:00,Bongo Net,deploy,L9,B18,40.1152,-70.8848,3rd attempt to not hit the bottom and get a sample here (success!); 157mwo max  1.5kts thru the water,178,EN644,23-08-19,2019,8,23,16:15:02
84,2019-08-23 16:30:02+00:00,Bongo Net,recover,L9,B18,40.1223,-70.886,NA,184,EN644,23-08-19,2019,8,23,16:30:02
85,2019-08-24 03:21:02+00:00,Bongo Net,deploy,L5,B22,40.5178,-70.8856,NA,203,EN644,24-08-19,2019,8,24,03:21:02
86,2019-08-24 03:29:00+00:00,Bongo Net,recover,L5,B22,40.5202,-70.8864,NA,204,EN644,24-08-19,2019,8,24,03:29:00
87,2019-08-24 04:53:47+00:00,Bongo Net,deploy,L4,B23,40.6955,-70.888,NA,199,EN644,24-08-19,2019,8,24,04:53:47
88,2019-08-24 05:04:11+00:00,Bongo Net,recover,L4,B23,40.6968,-70.8936,NA,201,EN644,24-08-19,2019,8,24,05:04:11
89,2019-08-25 04:43:02+00:00,Bongo Net,deploy,MVCO,B29,41.3175,-70.5854,NA,249,EN644,25-08-19,2019,8,25,04:43:02
90,2019-08-25 04:47:02+00:00,Bongo Net,recover,MVCO,B29,41.3174,-70.5832,NA,250,EN644,25-08-19,2019,8,25,04:47:02
91,2020-02-01 18:48:55+00:00,Bongo Net,deploy,L1,B1,41.2087,-70.8935,NA,23,EN649,01-02-20,2020,2,1,18:48:55
92,2020-02-01 18:53:55+00:00,Bongo Net,recover,L1,B1,41.2107,-70.8945,NA,24,EN649,01-02-20,2020,2,1,18:53:55
93,2020-02-01 23:26:00+00:00,Bongo Net,deploy,MVCO,B2,41.3214,-70.5812,NA,36,EN649,01-02-20,2020,2,1,23:26:00
94,2020-02-01 23:31:00+00:00,Bongo Net,recover,MVCO,B2,41.3206,-70.5837,NA,37,EN649,01-02-20,2020,2,1,23:31:00
95,2020-02-02 09:16:50+00:00,Bongo Net,deploy,L2,B5,41.0319,-70.8913,NA,50,EN649,02-02-20,2020,2,2,09:16:50
96,2020-02-02 09:28:53+00:00,Bongo Net,recover,L2,B5,41.0332,-70.8974,NA,51,EN649,02-02-20,2020,2,2,09:28:53
97,2020-02-02 12:40:05+00:00,Bongo Net,deploy,L3,B6,40.8632,-70.8917,NA,54,EN649,02-02-20,2020,2,2,12:40:05
98,2020-02-02 12:52:43+00:00,Bongo Net,recover,L3,B6,40.8657,-70.8986,NA,55,EN649,02-02-20,2020,2,2,12:52:43
99,2020-02-02 23:07:00+00:00,Bongo Net,deploy,L7,B7,40.2198,-70.8985,NA,68,EN649,02-02-20,2020,2,2,23:07:00
100,2020-02-02 23:25:00+00:00,Bongo Net,recover,L7,B7,40.2159,-70.9112,NA,69,EN649,02-02-20,2020,2,2,23:25:00
101,2020-02-03 01:36:00+00:00,Bongo Net,deploy,L8,B8,40.121,-70.8076,NA,76,EN649,03-02-20,2020,2,3,01:36:00
102,2020-02-03 01:58:00+00:00,Bongo Net,recover,L8,B8,40.1117,-70.825,NA,77,EN649,03-02-20,2020,2,3,01:58:00
103,2020-02-03 09:31:54+00:00,Bongo Net,deploy,L9,B11,40.0902,-70.9232,NA,88,EN649,03-02-20,2020,2,3,09:31:54
104,2020-02-03 09:55:10+00:00,Bongo Net,recover,L9,B11,40.0885,-70.9436,NA,89,EN649,03-02-20,2020,2,3,09:55:10
105,2020-02-03 18:22:00+00:00,Bongo Net,deploy,L10,B12,39.9366,-70.9128,NA,96,EN649,03-02-20,2020,2,3,18:22:00
106,2020-02-03 18:59:00+00:00,Bongo Net,recover,L10,B12,39.9312,-70.9398,NA,100,EN649,03-02-20,2020,2,3,18:59:00
107,2020-02-04 13:16:12+00:00,Bongo Net,deploy,L11,B16,39.7693,-70.8872,NA,129,EN649,04-02-20,2020,2,4,13:16:12
108,2020-02-04 13:49:37+00:00,Bongo Net,recover,L11,B16,39.7605,-70.8931,NA,130,EN649,04-02-20,2020,2,4,13:49:37
109,2020-02-05 04:42:00+00:00,Bongo Net,deploy,L6,B19,40.2961,-70.8693,started tow 4nm south of L6 to avoid fishing gear,157,EN649,05-02-20,2020,2,5,04:42:00
110,2020-02-05 04:57:00+00:00,Bongo Net,recover,L6,B19,40.2888,-70.8696,NA,158,EN649,05-02-20,2020,2,5,04:57:00
111,2020-02-05 06:43:55+00:00,Bongo Net,deploy,L5,B20,40.5154,-70.8769,NA,161,EN649,05-02-20,2020,2,5,06:43:55
112,2020-02-05 06:53:55+00:00,Bongo Net,recover,L5,B20,40.5123,-70.8802,NA,162,EN649,05-02-20,2020,2,5,06:53:55
113,2020-02-05 09:31:03+00:00,Bongo Net,deploy,L4,B21,40.6991,-70.8866,NA,163,EN649,05-02-20,2020,2,5,09:31:03
114,2020-02-05 09:39:44+00:00,Bongo Net,recover,L4,B21,40.7024,-70.8897,NA,167,EN649,05-02-20,2020,2,5,09:39:44
115,2020-07-25 16:19:57+00:00,Bongo Net,deploy,L1,B1,41.2021,-70.879,NA,22,EN655,25-07-20,2020,7,25,16:19:57
116,2020-07-25 16:27:00+00:00,Bongo Net,recover,L1,B1,41.1997,-70.8768,NA,85,EN655,25-07-20,2020,7,25,16:27:00
117,2020-07-25 18:22:57+00:00,Bongo Net,deploy,L2,B2,41.0298,-70.8748,NA,23,EN655,25-07-20,2020,7,25,18:22:57
118,2020-07-25 18:31:00+00:00,Bongo Net,recover,L2,B2,41.0291,-70.8699,NA,86,EN655,25-07-20,2020,7,25,18:31:00
119,2020-07-25 22:08:57+00:00,Bongo Net,deploy,L3,B3,40.8478,-70.8811,NA,49,EN655,25-07-20,2020,7,25,22:08:57
120,2020-07-25 22:24:57+00:00,Bongo Net,recover,L3,B3,40.8403,-70.8809,NA,50,EN655,25-07-20,2020,7,25,22:24:57
121,2020-07-26 11:53:57+00:00,Bongo Net,deploy,L4,B7,40.6978,-70.8814,NA,51,EN655,26-07-20,2020,7,26,11:53:57
122,2020-07-26 12:02:57+00:00,Bongo Net,recover,L4,B7,40.6945,-70.8839,NA,52,EN655,26-07-20,2020,7,26,12:02:57
123,2020-07-26 19:41:28+00:00,Bongo Net,deploy,L5,B10,40.5049,-70.8765,NA,62,EN655,26-07-20,2020,7,26,19:41:28
124,2020-07-26 19:49:00+00:00,Bongo Net,recover,L5,B10,40.5018,-70.8756,NA,114,EN655,26-07-20,2020,7,26,19:49:00
125,2020-07-27 02:04:00+00:00,Bongo Net,deploy,L7,B11,40.2184,-70.8709,NA,72,EN655,27-07-20,2020,7,27,02:04:00
126,2020-07-27 02:20:00+00:00,Bongo Net,recover,L7,B11,40.2145,-70.8687,NA,73,EN655,27-07-20,2020,7,27,02:20:00
127,2020-07-27 11:13:00+00:00,Bongo Net,deploy,L10,B12,39.932,-70.8875,NA,80,EN655,27-07-20,2020,7,27,11:13:00
128,2020-07-27 11:41:00+00:00,Bongo Net,recover,L10,B12,39.9194,-70.8959,NA,81,EN655,27-07-20,2020,7,27,11:41:00
129,2020-07-27 22:05:00+00:00,Bongo Net,deploy,L9,B15,40.0992,-70.8824,No samples; hit bottom,98,EN655,27-07-20,2020,7,27,22:05:00
130,2020-07-27 22:25:00+00:00,Bongo Net,recover,L9,B15,40.1009,-70.8729,No samples; hit bottom,99,EN655,27-07-20,2020,7,27,22:25:00
131,2020-07-28 02:28:00+00:00,Bongo Net,deploy,L6,B16,40.1913,-70.8834,NA,112,EN655,28-07-20,2020,7,28,02:28:00
132,2020-07-28 02:43:00+00:00,Bongo Net,recover,L6,B16,40.1913,-70.8834,NA,113,EN655,28-07-20,2020,7,28,02:43:00
133,2020-10-13 18:33:01+00:00,Bongo Net,deploy,L1,B1,41.2033,-70.8644,NA,25,EN657,13-10-20,2020,10,13,18:33:01
134,2020-10-13 18:38:01+00:00,Bongo Net,recover,L1,B1,41.2034,-70.8621,NA,63,EN657,13-10-20,2020,10,13,18:38:01
135,2020-10-14 00:40:01+00:00,Bongo Net,deploy,L3,B2,40.8553,-70.8755,NA,26,EN657,14-10-20,2020,10,14,00:40:01
136,2020-10-14 00:48:01+00:00,Bongo Net,recover,L3,B2,40.8518,-70.8743,NA,64,EN657,14-10-20,2020,10,14,00:48:01
137,2020-10-14 13:39:00+00:00,Bongo Net,deploy,L2,B5,41.03,-70.8878,NA,69,EN657,14-10-20,2020,10,14,13:39:00
138,2020-10-14 13:46:00+00:00,Bongo Net,recover,L2,B5,41.0306,-70.8912,NA,70,EN657,14-10-20,2020,10,14,13:46:00
139,2020-10-14 18:59:45+00:00,Bongo Net,deploy,L4,B6,40.6949,-70.8996,NA,71,EN657,14-10-20,2020,10,14,18:59:45
140,2020-10-14 19:09:00+00:00,Bongo Net,recover,L4,B6,40.6942,-70.9052,NA,72,EN657,14-10-20,2020,10,14,19:09:00
141,2020-10-14 23:50:00+00:00,Bongo Net,deploy,L5,B7,40.514,-70.8883,NA,65,EN657,14-10-20,2020,10,14,23:50:00
142,2020-10-15 00:02:00+00:00,Bongo Net,recover,L5,B7,40.5105,-70.8921,NA,66,EN657,15-10-20,2020,10,15,00:02:00
143,2020-10-15 08:42:00+00:00,Bongo Net,deploy,L10,B9,39.9308,-70.8775,NA,67,EN657,15-10-20,2020,10,15,08:42:00
144,2020-10-15 09:09:00+00:00,Bongo Net,recover,L10,B9,39.9204,-70.8732,NA,68,EN657,15-10-20,2020,10,15,09:09:00
145,2020-10-15 17:08:00+00:00,Bongo Net,deploy,L11,B12,39.7671,-70.8742,NA,95,EN657,15-10-20,2020,10,15,17:08:00
146,2020-10-15 17:33:00+00:00,Bongo Net,recover,L11,B12,39.7584,-70.8679,NA,96,EN657,15-10-20,2020,10,15,17:33:00
147,2020-10-16 10:14:01+00:00,Bongo Net,deploy,L9,B14,40.1009,-70.8804,NA,119,EN657,16-10-20,2020,10,16,10:14:01
148,2020-10-16 10:30:00+00:00,Bongo Net,recover,L9,B14,40.0973,-70.8746,NA,120,EN657,16-10-20,2020,10,16,10:30:00
149,2020-10-16 12:15:00+00:00,Bongo Net,deploy,L8,B15,40.128,-70.7654,NA,121,EN657,16-10-20,2020,10,16,12:15:00
150,2020-10-16 12:32:00+00:00,Bongo Net,recover,L8,B15,40.1208,-70.7581,NA,122,EN657,16-10-20,2020,10,16,12:32:00
151,2020-10-17 01:15:00+00:00,Bongo Net,deploy,L6,B17,40.3733,-70.8941,NA,159,EN657,17-10-20,2020,10,17,01:15:00
152,2020-10-17 01:26:00+00:00,Bongo Net,recover,L6,B17,40.3767,-70.8983,NA,160,EN657,17-10-20,2020,10,17,01:26:00
153,2020-10-17 06:18:00+00:00,Bongo Net,deploy,L7,B19,40.2225,-70.8578,NA,161,EN657,17-10-20,2020,10,17,06:18:00
154,2020-10-17 06:28:00+00:00,Bongo Net,recover,L7,B19,40.222,-70.8525,NA,162,EN657,17-10-20,2020,10,17,06:28:00
155,2020-10-18 02:07:00+00:00,Bongo Net,deploy,MVCO,B20,41.322,-70.5788,NA,171,EN657,18-10-20,2020,10,18,02:07:00
156,2020-10-18 02:11:00+00:00,Bongo Net,recover,MVCO,B20,41.3212,-70.5803,NA,172,EN657,18-10-20,2020,10,18,02:11:00
157,2021-02-03 19:31:00+00:00,Bongo Net,deploy,L1,B1,41.2022,-70.8788,NA,23,EN661,03-02-21,2021,2,3,19:31:00
158,2021-02-03 19:36:00+00:00,Bongo Net,recover,L1,B1,41.2003,-70.8768,NA,24,EN661,03-02-21,2021,2,3,19:36:00
159,2021-02-04 02:24:00+00:00,Bongo Net,deploy,L2,B2,41.0328,-70.8921,NA,34,EN661,04-02-21,2021,2,4,02:24:00
160,2021-02-04 02:36:00+00:00,Bongo Net,recover,L2,B2,41.0354,-70.9001,NA,35,EN661,04-02-21,2021,2,4,02:36:00
161,2021-02-04 13:24:00+00:00,Bongo Net,deploy,L4,B5,40.6968,-70.89,NA,46,EN661,04-02-21,2021,2,4,13:24:00
162,2021-02-04 13:42:00+00:00,Bongo Net,recover,L4,B5,40.6983,-70.9009,NA,47,EN661,04-02-21,2021,2,4,13:42:00
163,2021-02-04 16:10:00+00:00,Bongo Net,deploy,L5,B6,40.5146,-70.8933,NA,52,EN661,04-02-21,2021,2,4,16:10:00
164,2021-02-04 16:30:00+00:00,Bongo Net,recover,L5,B6,40.5198,-70.904,NA,53,EN661,04-02-21,2021,2,4,16:30:00
165,2021-02-05 01:50:00+00:00,Bongo Net,deploy,L10,B7,39.9396,-70.8898,NA,73,EN661,05-02-21,2021,2,5,01:50:00
166,2021-02-05 02:28:00+00:00,Bongo Net,recover,L10,B7,39.94,-70.9169,NA,75,EN661,05-02-21,2021,2,5,02:28:00
167,2021-02-05 13:55:00+00:00,Bongo Net,deploy,L11,B10,39.7692,-70.8712,NA,98,EN661,05-02-21,2021,2,5,13:55:00
168,2021-02-05 14:33:00+00:00,Bongo Net,recover,L11,B10,39.7574,-70.8677,The cod end on the 335um mesh net broke as it hit the side of the ship during recovery.,99,EN661,05-02-21,2021,2,5,14:33:00
169,2021-02-06 15:36:00+00:00,Bongo Net,deploy,L3,B12,40.8616,-70.8853,NA,128,EN661,06-02-21,2021,2,6,15:36:00
170,2021-02-06 15:52:00+00:00,Bongo Net,recover,L3,B12,40.8542,-70.8887,NA,130,EN661,06-02-21,2021,2,6,15:52:00
171,2021-02-07 00:59:00+00:00,Bongo Net,deploy,MVCO,B14,41.3157,-70.5789,NA,139,EN661,07-02-21,2021,2,7,00:59:00
172,2021-02-07 01:04:00+00:00,Bongo Net,recover,MVCO,B14,41.3135,-70.579,NA,140,EN661,07-02-21,2021,2,7,01:04:00
173,2021-07-16 18:47:00+00:00,Bongo Net,deploy,L1,B1,41.1898,-70.8795,NA,13,EN668,16-07-21,2021,7,16,18:47:00
174,2021-07-16 18:51:00+00:00,Bongo Net,recover,L1,B1,41.188,-70.8788,NA,14,EN668,16-07-21,2021,7,16,18:51:00
175,2021-07-17 05:02:00+00:00,Bongo Net,deploy,L2,B2,41.0284,-70.8797,NA,26,EN668,17-07-21,2021,7,17,05:02:00
176,2021-07-17 05:21:00+00:00,Bongo Net,recover,L2,B2,41.0208,-70.8799,NA,27,EN668,17-07-21,2021,7,17,05:21:00
177,2021-07-17 13:47:00+00:00,Bongo Net,deploy,L4,B5,40.6909,-70.8762,start time approximate,39,EN668,17-07-21,2021,7,17,13:47:00
178,2021-07-17 14:12:00+00:00,Bongo Net,recover,L4,B5,40.6773,-70.8705,NA,41,EN668,17-07-21,2021,7,17,14:12:00
179,2021-07-17 22:27:00+00:00,Bongo Net,deploy,L5,B7,40.5145,-70.876,NA,57,EN668,17-07-21,2021,7,17,22:27:00
180,2021-07-17 22:44:00+00:00,Bongo Net,recover,L5,B7,40.5061,-70.8706,NA,58,EN668,17-07-21,2021,7,17,22:44:00
181,2021-07-18 08:24:00+00:00,Bongo Net,deploy,L10,B8,39.909,-70.8957,NA,65,EN668,18-07-21,2021,7,18,08:24:00
182,2021-07-18 09:01:30+00:00,Bongo Net,recover,L10,B8,39.8887,-70.8887,NA,66,EN668,18-07-21,2021,7,18,09:01:30
183,2021-07-18 17:18:39+00:00,Bongo Net,deploy,L11,B11,39.762,-70.8786,NA,80,EN668,18-07-21,2021,7,18,17:18:39
184,2021-07-18 17:45:42+00:00,Bongo Net,recover,L11,B11,39.751,-70.8795,NA,82,EN668,18-07-21,2021,7,18,17:45:42
185,2021-07-19 14:38:00+00:00,Bongo Net,deploy,L9,B14,40.0957,-70.8737,NA,113,EN668,19-07-21,2021,7,19,14:38:00
186,2021-07-19 14:56:00+00:00,Bongo Net,recover,L9,B14,40.0886,-70.8721,NA,114,EN668,19-07-21,2021,7,19,14:56:00
187,2021-07-19 15:57:00+00:00,Bongo Net,deploy,L8,B15,40.1348,-70.7717,at surface until 1602 due to software issue,115,EN668,19-07-21,2021,7,19,15:57:00
188,2021-07-19 16:25:00+00:00,Bongo Net,recover,L8,B15,40.1254,-70.761,NA,116,EN668,19-07-21,2021,7,19,16:25:00
189,2021-07-20 07:12:00+00:00,Bongo Net,deploy,L7,B17,40.2074,-70.9354,NA,140,EN668,20-07-21,2021,7,20,07:12:00
190,2021-07-20 07:32:00+00:00,Bongo Net,recover,L7,B17,40.2047,-70.9485,NA,141,EN668,20-07-21,2021,7,20,07:32:00
191,2021-07-20 10:07:00+00:00,Bongo Net,deploy,L6,B18,40.377,-70.8942,NA,143,EN668,20-07-21,2021,7,20,10:07:00
192,2021-07-20 10:29:00+00:00,Bongo Net,recover,L6,B18,40.3901,-70.889,NA,144,EN668,20-07-21,2021,7,20,10:29:00
193,2021-07-21 03:20:00+00:00,Bongo Net,deploy,L3,B21,40.8571,-70.8802,NA,172,EN668,21-07-21,2021,7,21,03:20:00
194,2021-07-21 03:32:00+00:00,Bongo Net,recover,L3,B21,40.8558,-70.8722,NA,173,EN668,21-07-21,2021,7,21,03:32:00
195,2021-07-21 11:30:00+00:00,Bongo Net,deploy,MVCO,B25,41.3132,-70.5751,NA,201,EN668,21-07-21,2021,7,21,11:30:00
196,2021-07-21 11:36:00+00:00,Bongo Net,recover,MVCO,B25,41.3098,-70.5744,NA,202,EN668,21-07-21,2021,7,21,11:36:00
197,2022-02-16 19:21:00+00:00,Bongo Net,deploy,L1,B1,41.195,-70.883,NA,13,AT46,16-02-22,2022,2,16,19:21:00
198,2022-02-16 19:25:00+00:00,Bongo Net,recover,L1,B1,41.192,-70.882,NA,14,AT46,16-02-22,2022,2,16,19:25:00
199,2022-02-16 19:30:00+00:00,Bongo Net,other,L1,B1,41.19,-70.881,PlanktonScope (from 20um plankton net),22,AT46,16-02-22,2022,2,16,19:30:00
200,2022-02-17 03:12:00+00:00,Bongo Net,deploy,L4,B2,40.697,-70.879,Hit the bottom,23,AT46,17-02-22,2022,2,17,03:12:00
201,2022-02-17 03:24:00+00:00,Bongo Net,recover,L4,B2,40.694,-70.876,NA,24,AT46,17-02-22,2022,2,17,03:24:00
202,2022-02-17 06:10:00+00:00,Bongo Net,deploy,L5,B3,40.512,-70.879,NA,25,AT46,17-02-22,2022,2,17,06:10:00
203,2022-02-17 06:23:00+00:00,Bongo Net,recover,L5,B3,40.507,-70.875,NA,26,AT46,17-02-22,2022,2,17,06:23:00
204,2022-02-17 13:54:00+00:00,Bongo Net,deploy,L6,B6,40.358,-70.88,samples labeled as B4,30,AT46,17-02-22,2022,2,17,13:54:00
205,2022-02-17 14:15:00+00:00,Bongo Net,recover,L6,B6,40.354,-70.88,samples labeled as B4; elog submitted after bongo secure,32,AT46,17-02-22,2022,2,17,14:15:00
206,2022-02-17 16:30:00+00:00,Bongo Net,other,L4,B6,40.237,-70.882,PlanktonScope (from 20um plankton net),65,AT46,17-02-22,2022,2,17,16:30:00
207,2022-02-17 22:43:00+00:00,Bongo Net,deploy,L11,B7,39.771,-70.877,NA,52,AT46,17-02-22,2022,2,17,22:43:00
208,2022-02-17 23:14:00+00:00,Bongo Net,recover,L11,B7,39.764,-70.861,NA,54,AT46,17-02-22,2022,2,17,23:14:00
209,2022-02-19 00:45:00+00:00,Bongo Net,deploy,L9,B12,40.09,-70.895,NA,91,AT46,19-02-22,2022,2,19,00:45:00
210,2022-02-19 01:06:00+00:00,Bongo Net,recover,L9,B12,40.09,-70.911,NA,92,AT46,19-02-22,2022,2,19,01:06:00
211,2022-02-19 02:16:00+00:00,Bongo Net,deploy,L8,B13,40.137,-70.782,Forgot TDR; depth estimated with wire angle,120,AT46,19-02-22,2022,2,19,02:16:00
212,2022-02-19 02:34:00+00:00,Bongo Net,recover,L8,B13,40.137,-70.794,NA,121,AT46,19-02-22,2022,2,19,02:34:00
213,2022-02-19 06:36:00+00:00,Bongo Net,deploy,L7,B14,40.224,-70.892,NA,128,AT46,19-02-22,2022,2,19,06:36:00
214,2022-02-19 06:54:00+00:00,Bongo Net,recover,L7,B14,40.225,-70.906,150 net ripped off and 20 net cod end ripped off at surface. 335 sample OK. Recovery time approximate,129,AT46,19-02-22,2022,2,19,06:54:00
215,2022-02-21 00:27:00+00:00,Bongo Net,deploy,L2,B21,41.026,-70.88,Tied ends of 150um and 20um; cod end on 335um ,241,AT46,21-02-22,2022,2,21,00:27:00
216,2022-02-21 00:33:00+00:00,Bongo Net,recover,L2,B21,41.024,-70.881,NA,242,AT46,21-02-22,2022,2,21,00:33:00
217,2022-02-21 02:09:00+00:00,Bongo Net,deploy,L3,B22,40.864,-70.883,NA,244,AT46,21-02-22,2022,2,21,02:09:00
218,2022-02-21 02:19:00+00:00,Bongo Net,recover,L3,B22,40.861,-70.883,NA,245,AT46,21-02-22,2022,2,21,02:19:00
219,2022-02-21 12:00:00+00:00,Bongo Net,deploy,MVCO,B23,41.324,-70.564,NA,260,AT46,21-02-22,2022,2,21,12:00:00
220,2022-02-21 12:04:00+00:00,Bongo Net,recover,MVCO,B23,41.323,-70.565,NA,263,AT46,21-02-22,2022,2,21,12:04:00
221,2022-07-29 19:51:25+00:00,Bongo Net,deploy,L1,B1,41.1835,-70.8713,1st Bongo. After CTD EN687_001.,19,EN687,29-07-22,2022,7,29,19:51:25
222,2022-07-29 19:58:47+00:00,Bongo Net,recover,L1,B1,41.1804,-70.8717,1st Bongo. After CTD EN687_001.,20,EN687,29-07-22,2022,7,29,19:58:47
223,2022-07-30 03:50:30+00:00,Bongo Net,deploy,L2,B2,41.0291,-70.8842,2nd Bongo. After CTD EN687_002.,38,EN687,30-07-22,2022,7,30,03:50:30
224,2022-07-30 04:08:00+00:00,Bongo Net,recover,L2,B2,41.0211,-70.8843,2nd Bongo. After CTD EN687_002.,39,EN687,30-07-22,2022,7,30,04:08:00
225,2022-07-30 12:15:54+00:00,Bongo Net,deploy,L4,B5,40.7065,-70.8874,3rd Bongo. After CTD EN687_005.,43,EN687,30-07-22,2022,7,30,12:15:54
226,2022-07-30 12:29:00+00:00,Bongo Net,recover,L4,B5,40.7107,-70.8857,3rd Bongo. After CTD EN687_005.,204,EN687,30-07-22,2022,7,30,12:29:00
227,2022-07-30 14:38:00+00:00,Bongo Net,deploy,L5,B6,40.5201,-70.9002,4th Bongo. After CTD EN687_006.,49,EN687,30-07-22,2022,7,30,14:38:00
228,2022-07-30 14:53:00+00:00,Bongo Net,recover,L5,B6,40.5257,-70.9064,4th Bongo. After CTD EN687_006.,205,EN687,30-07-22,2022,7,30,14:53:00
229,2022-07-31 07:25:29+00:00,Bongo Net,deploy,L10,B7,39.9204,-70.9136,5th Bongo. After CTD EN687_007.,86,EN687,31-07-22,2022,7,31,07:25:29
230,2022-07-31 07:55:01+00:00,Bongo Net,recover,L10,B7,39.9264,-70.9346,5th Bongo. After CTD EN687_007.,102,EN687,31-07-22,2022,7,31,07:55:01
231,2022-07-31 16:53:19+00:00,Bongo Net,deploy,L11,B10,39.7841,-70.8922,6th Bongo. After CTD EN687_010.,103,EN687,31-07-22,2022,7,31,16:53:19
232,2022-07-31 17:25:00+00:00,Bongo Net,recover,L11,B10,39.7742,-70.8837,6th Bongo. After CTD EN687_010.,110,EN687,31-07-22,2022,7,31,17:25:00
233,2022-08-01 08:26:47+00:00,Bongo Net,deploy,L9,B13,40.0925,-70.8756,7th Bongo. After CTD EN687_013.,139,EN687,01-08-22,2022,8,1,08:26:47
234,2022-08-01 08:41:09+00:00,Bongo Net,recover,L9,B13,40.0908,-70.8656,7th Bongo. After CTD EN687_013.,142,EN687,01-08-22,2022,8,1,08:41:09
235,2022-08-01 13:59:37+00:00,Bongo Net,deploy,L8,B16,40.1471,-70.7748,8th Bongo. After CTD EN687_016.,150,EN687,01-08-22,2022,8,1,13:59:37
236,2022-08-01 14:14:45+00:00,Bongo Net,recover,L8,B16,40.1522,-70.7769,8th Bongo. After CTD EN687_016. Hit bottom. Processed as usual.,155,EN687,01-08-22,2022,8,1,14:14:45
237,2022-08-02 03:59:31+00:00,Bongo Net,deploy,L6,B18,40.3563,-70.8747,9th Bongo. After CTD EN687_018.,162,EN687,02-08-22,2022,8,2,03:59:31
238,2022-08-02 04:13:29+00:00,Bongo Net,recover,L6,B18,40.3499,-70.8772,9th Bongo. After CTD EN687_018.,163,EN687,02-08-22,2022,8,2,04:13:29
239,2022-08-02 11:35:47+00:00,Bongo Net,deploy,L7,B21,40.2274,-70.8696,10th Bongo. After CTD EN687_021.,172,EN687,02-08-22,2022,8,2,11:35:47
240,2022-08-02 11:49:18+00:00,Bongo Net,recover,L7,B21,40.2268,-70.8626,10th Bongo. After CTD EN687_021.,176,EN687,02-08-22,2022,8,2,11:49:18
241,2022-08-02 21:42:11+00:00,Bongo Net,deploy,L3,B22,40.858,-70.8712,11th Bongo. After CTD EN687_022.,197,EN687,02-08-22,2022,8,2,21:42:11
242,2022-08-02 21:48:29+00:00,Bongo Net,recover,L3,B22,40.8552,-70.8697,11th Bongo. After CTD EN687_022.,200,EN687,02-08-22,2022,8,2,21:48:29
243,2022-08-03 08:16:33+00:00,Bongo Net,deploy,MVCO,B26,41.3169,-70.5769,12th Bongo. After CTD EN687_026.,240,EN687,03-08-22,2022,8,3,08:16:33
244,2022-08-03 08:19:33+00:00,Bongo Net,recover,MVCO,B26,41.3158,-70.5784,12th Bongo. After CTD EN687_026.,241,EN687,03-08-22,2022,8,3,08:19:33
245,2023-01-11 20:35:44+00:00,Bongo Net,deploy,L1,B1,41.1951,-70.8842,NA,19,EN695,11-01-23,2023,1,11,20:35:44
246,2023-01-11 20:42:27+00:00,Bongo Net,recover,L1,B1,41.1921,-70.884,NA,158,EN695,11-01-23,2023,1,11,20:42:27
247,2023-01-12 04:04:56+00:00,Bongo Net,deploy,L6,B2,40.3721,-70.888,NA,28,EN695,12-01-23,2023,1,12,04:04:56
248,2023-01-12 04:35:00+00:00,Bongo Net,recover,L6,B2,40.3633,-70.8835,NA,159,EN695,12-01-23,2023,1,12,04:35:00
249,2023-01-12 07:33:54+00:00,Bongo Net,deploy,L9,B3,40.0505,-70.879,NA,36,EN695,12-01-23,2023,1,12,07:33:54
250,2023-01-12 07:46:12+00:00,Bongo Net,recover,L9,B3,40.0459,-70.8802,NA,160,EN695,12-01-23,2023,1,12,07:46:12
251,2023-01-12 10:20:16+00:00,Bongo Net,deploy,L10,B4,39.944,-70.8826,NA,40,EN695,12-01-23,2023,1,12,10:20:16
252,2023-01-12 10:35:30+00:00,Bongo Net,recover,L10,B4,39.9504,-70.8851,NA,161,EN695,12-01-23,2023,1,12,10:35:30
253,2023-01-12 13:12:01+00:00,Bongo Net,deploy,L11,B5,39.7849,-70.8826,NA,44,EN695,12-01-23,2023,1,12,13:12:01
254,2023-01-12 13:16:06+00:00,Bongo Net,recover,L11,B5,39.785,-70.8813,NA,162,EN695,12-01-23,2023,1,12,13:16:06
255,2023-01-12 20:59:57+00:00,Bongo Net,deploy,L8,B6,40.1513,-70.8692,NA,56,EN695,12-01-23,2023,1,12,20:59:57
256,2023-01-12 21:14:58+00:00,Bongo Net,recover,L8,B6,40.1493,-70.8603,NA,163,EN695,12-01-23,2023,1,12,21:14:58
257,2023-01-12 23:19:52+00:00,Bongo Net,deploy,L7,B7,40.2592,-70.8735,NA,60,EN695,12-01-23,2023,1,12,23:19:52
258,2023-01-12 23:27:47+00:00,Bongo Net,recover,L7,B7,40.2585,-70.8701,NA,164,EN695,12-01-23,2023,1,12,23:27:47
259,2023-01-13 02:22:47+00:00,Bongo Net,deploy,L5,B8,40.5128,-70.8842,NA,65,EN695,13-01-23,2023,1,13,02:22:47
260,2023-01-13 02:31:31+00:00,Bongo Net,recover,L5,B8,40.5121,-70.8816,NA,165,EN695,13-01-23,2023,1,13,02:31:31
261,2023-01-13 04:44:21+00:00,Bongo Net,deploy,L4,B9,40.6956,-70.8801,NA,67,EN695,13-01-23,2023,1,13,04:44:21
262,2023-01-13 04:49:13+00:00,Bongo Net,recover,L4,B9,40.6942,-70.8782,TDR not started before deployment,166,EN695,13-01-23,2023,1,13,04:49:13
263,2023-01-13 07:25:00+00:00,Bongo Net,deploy,L3,B10,40.8611,-70.8788,NA,76,EN695,13-01-23,2023,1,13,07:25:00
264,2023-01-13 07:29:44+00:00,Bongo Net,recover,L3,B10,40.8597,-70.8779,NA,167,EN695,13-01-23,2023,1,13,07:29:44
265,2023-01-13 10:46:29+00:00,Bongo Net,deploy,L2,B11,41.0144,-70.8823,NA,92,EN695,13-01-23,2023,1,13,10:46:29
266,2023-01-13 10:51:10+00:00,Bongo Net,recover,L2,B11,41.013,-70.8838,NA,168,EN695,13-01-23,2023,1,13,10:51:10
267,2023-01-14 21:08:06+00:00,Bongo Net,deploy,MVCO,B16,41.3056,-70.5833,NA,121,EN695,14-01-23,2023,1,14,21:08:06
268,2023-01-14 21:12:17+00:00,Bongo Net,recover,MVCO,B16,41.3055,-70.5856,NA,169,EN695,14-01-23,2023,1,14,21:12:17
269,2023-04-29 11:57:00+00:00,Bongo Net,deploy,MVCO,B1,41.320367,-70.579095,NA,6,HRS2303,29-04-23,2023,4,29,11:57:00
270,2023-04-29 12:01:00+00:00,Bongo Net,recover,MVCO,B1,41.31909,-70.577403,NA,7,HRS2303,29-04-23,2023,4,29,12:01:00
271,2023-05-02 20:23:00+00:00,Bongo Net,deploy,L1,B2,41.199542,-70.883868,NA,47,HRS2303,02-05-23,2023,5,2,20:23:00
272,2023-05-02 20:29:00+00:00,Bongo Net,recover,L1,B2,41.197212,-70.884832,NA,48,HRS2303,02-05-23,2023,5,2,20:29:00
273,2023-05-03 04:50:00+00:00,Bongo Net,deploy,L5,B3,40.514928,-70.88156,NA,55,HRS2303,03-05-23,2023,5,3,04:50:00
274,2023-05-03 05:07:00+00:00,Bongo Net,recover,L5,B3,40.504672,-70.884727,NA,54,HRS2303,03-05-23,2023,5,3,05:07:00
275,2023-05-03 09:11:49+00:00,Bongo Net,deploy,L7,B4,40.25838,-70.886968,NA,58,HRS2303,03-05-23,2023,5,3,09:11:49
276,2023-05-03 09:21:00+00:00,Bongo Net,recover,L7,B4,40.255712,-70.891665,NA,59,HRS2303,03-05-23,2023,5,3,09:21:00
277,2023-05-03 11:37:20+00:00,Bongo Net,deploy,L8,B5,40.152095,-70.8803,NA,60,HRS2303,03-05-23,2023,5,3,11:37:20
278,2023-05-03 11:52:58+00:00,Bongo Net,recover,L8,B5,40.149103,-70.888502,NA,61,HRS2303,03-05-23,2023,5,3,11:52:58
279,2023-05-03 14:05:00+00:00,Bongo Net,deploy,L9,B6,40.047027,-70.881877,NA,63,HRS2303,03-05-23,2023,5,3,14:05:00
280,2023-05-03 14:36:00+00:00,Bongo Net,recover,L9,B6,40.034065,-70.895923,NA,64,HRS2303,03-05-23,2023,5,3,14:36:00
281,2023-05-03 19:38:14+00:00,Bongo Net,deploy,L10,B7,39.94671,-70.883635,NA,67,HRS2303,03-05-23,2023,5,3,19:38:14
282,2023-05-03 20:04:07+00:00,Bongo Net,recover,L10,B7,39.927017,-70.885992,NA,68,HRS2303,03-05-23,2023,5,3,20:04:07
283,2023-05-04 00:23:59+00:00,Bongo Net,deploy,L11,B8,39.766827,-70.889727,NA,73,HRS2303,04-05-23,2023,5,4,00:23:59
284,2023-05-04 00:47:00+00:00,Bongo Net,recover,L11,B8,39.77898,-70.87754,NA,74,HRS2303,04-05-23,2023,5,4,00:47:00
285,2023-05-04 14:29:18+00:00,Bongo Net,deploy,L6,B9,40.365737,-70.882988,NA,97,HRS2303,04-05-23,2023,5,4,14:29:18
286,2023-05-04 14:40:00+00:00,Bongo Net,recover,L6,B9,40.370293,-70.878892,NA,98,HRS2303,04-05-23,2023,5,4,14:40:00
287,2023-05-04 19:16:19+00:00,Bongo Net,deploy,L4,B10,40.694782,-70.888232,NA,101,HRS2303,04-05-23,2023,5,4,19:16:19
288,2023-05-04 19:28:37+00:00,Bongo Net,recover,L4,B10,40.694352,-70.89399,NA,102,HRS2303,04-05-23,2023,5,4,19:28:37
289,2023-05-04 23:23:36+00:00,Bongo Net,deploy,L3,B11,40.865677,-70.88375,NA,105,HRS2303,04-05-23,2023,5,4,23:23:36
290,2023-05-04 23:33:34+00:00,Bongo Net,recover,L3,B11,40.857547,-70.890505,NA,106,HRS2303,04-05-23,2023,5,4,23:33:34
291,2023-05-05 02:12:31+00:00,Bongo Net,deploy,L2,B12,41.029818,-70.883513,NA,108,HRS2303,05-05-23,2023,5,5,02:12:31
292,2023-05-05 02:17:00+00:00,Bongo Net,recover,L2,B12,41.028042,-70.883852,NA,111,HRS2303,05-05-23,2023,5,5,02:17:00
293,2023-08-07 18:07:32+00:00,Bongo Net,deploy,L1,B1,41.1975,-70.8675,1st bongo deployment,15,EN706,07-08-23,2023,8,7,18:07:32
294,2023-08-07 18:13:05+00:00,Bongo Net,recover,L1,B1,41.1973,-70.8643,NA,16,EN706,07-08-23,2023,8,7,18:13:05
295,2023-08-08 07:06:30+00:00,Bongo Net,deploy,L2,B2,41.0281,-70.8737,2nd Bongo for the cruise. SBE19 ~1m above Bongo. small ring net ~2m above Bongo.,24,EN706,08-08-23,2023,8,8,07:06:30
296,2023-08-08 07:15:00+00:00,Bongo Net,recover,L2,B2,41.0246,-70.8733,NA,91,EN706,08-08-23,2023,8,8,07:15:00
297,2023-08-08 16:19:50+00:00,Bongo Net,deploy,L4,B5,40.6858,-70.879,3rd bongo,34,EN706,08-08-23,2023,8,8,16:19:50
298,2023-08-08 16:34:41+00:00,Bongo Net,recover,L4,B5,40.6809,-70.8838,NA,35,EN706,08-08-23,2023,8,8,16:34:41
299,2023-08-08 21:21:10+00:00,Bongo Net,deploy,L5,B6,40.502,-70.8836,4th bongo. had to re-deploy to write down flowmeter values,45,EN706,08-08-23,2023,8,8,21:21:10
300,2023-08-08 21:35:10+00:00,Bongo Net,recover,L5,B6,40.4964,-70.8856,NA,46,EN706,08-08-23,2023,8,8,21:35:10
301,2023-08-09 18:53:18+00:00,Bongo Net,deploy,L11,B9,39.7763,-70.8818,5th bongo,60,EN706,09-08-23,2023,8,9,18:53:18
302,2023-08-09 19:23:35+00:00,Bongo Net,recover,L11,B9,39.7763,-70.897,NA,77,EN706,09-08-23,2023,8,9,19:23:35
303,2023-08-10 00:55:00+00:00,Bongo Net,deploy,L10,B10,39.9265,-70.8941,6th bongo,88,EN706,10-08-23,2023,8,10,00:55:00
304,2023-08-10 01:31:00+00:00,Bongo Net,recover,L10,B10,39.9126,-70.9052,NA,89,EN706,10-08-23,2023,8,10,01:31:00
305,2023-08-10 08:24:56+00:00,Bongo Net,deploy,L9,B13,40.0442,-70.8897,7th Bongo,96,EN706,10-08-23,2023,8,10,08:24:56
306,2023-08-10 08:49:58+00:00,Bongo Net,recover,L9,B13,40.0392,-70.8995,NA,97,EN706,10-08-23,2023,8,10,08:49:58
307,2023-08-10 22:32:54+00:00,Bongo Net,deploy,L7,B14,40.2561,-70.881,8th bongo,172,EN706,10-08-23,2023,8,10,22:32:54
308,2023-08-10 22:45:13+00:00,Bongo Net,recover,L7,B14,40.2527,-70.8766,NA,173,EN706,10-08-23,2023,8,10,22:45:13
309,2023-08-11 00:43:04+00:00,Bongo Net,deploy,L8,B15,40.1347,-70.8703,9th bongo,178,EN706,11-08-23,2023,8,11,00:43:04
310,2023-08-11 01:08:31+00:00,Bongo Net,recover,L8,B15,40.1223,-70.8605,NA,179,EN706,11-08-23,2023,8,11,01:08:31
311,2023-08-11 09:25:34+00:00,Bongo Net,deploy,L6,B19,40.3639,-70.8837,10th bongo,186,EN706,11-08-23,2023,8,11,09:25:34
312,2023-08-11 09:38:40+00:00,Bongo Net,recover,L6,B19,40.3639,-70.8921,NA,187,EN706,11-08-23,2023,8,11,09:38:40
313,2023-08-11 21:12:03+00:00,Bongo Net,deploy,L3,B20,40.8587,-70.8788,11th bongo,210,EN706,11-08-23,2023,8,11,21:12:03
314,2023-08-11 21:23:19+00:00,Bongo Net,recover,L3,B20,40.8558,-70.8853,NA,212,EN706,11-08-23,2023,8,11,21:23:19
315,2023-08-12 08:38:20+00:00,Bongo Net,deploy,MVCO,B24,41.311,-70.5805,12th bongo,259,EN706,12-08-23,2023,8,12,08:38:20
316,2023-08-12 08:43:35+00:00,Bongo Net,recover,MVCO,B24,41.3092,-70.5793,NA,260,EN706,12-08-23,2023,8,12,08:43:35
317,2024-02-09 19:15:27+00:00,Bongo Net,deploy,L1,B1,41.1914,-70.885,NA,25,EN712,09-02-24,2024,2,9,19:15:27
318,2024-02-09 19:21:10+00:00,Bongo Net,recover,L1,B1,41.1897,-70.8832,1st Bongo. Winch zeroed with weight and bongo below the surface. SV of 1500 m/s = depth 22m. Target depth 17m. TDR showed 15m. Max payout 18m. Wire angle ~35 deg. 20m/min down and 6m/min up ,26,EN712,09-02-24,2024,2,9,19:21:10
319,2024-02-10 04:47:02+00:00,Bongo Net,deploy,L5,B2,40.5101,-70.8823,NA,41,EN712,10-02-24,2024,2,10,04:47:02
320,2024-02-10 05:06:52+00:00,Bongo Net,recover,L5,B2,40.5069,-70.8742,2nd Bongo. Winch zeroed with weight and bongo below the surface. SV of 1500 m/s = depth 78m. Target depth 73m. TDR showed 71.4m. Max payout 89m. Wire angle ~35 deg. 30m/min down and 6m/min up,42,EN712,10-02-24,2024,2,10,05:06:52
321,2024-02-10 10:17:29+00:00,Bongo Net,deploy,L6,B5,40.3632,-70.8797,NA,48,EN712,10-02-24,2024,2,10,10:17:29
322,2024-02-10 10:22:42+00:00,Bongo Net,other,L6,B5,40.3621,-70.8786,Max payout of 109m wire out. Net collected bottom sediment. Logger showed 95m max depth.,52,EN712,10-02-24,2024,2,10,10:22:42
323,2024-02-10 10:30:00+00:00,Bongo Net,recover,L6,B5,40.3605,-70.8775,3rd Bongo tow. Winch zeroed with weight and bongo below the surface. SV of 1500 m/s = depth 95m. Target depth 90m. TDR showed 90m. Max payout 109m. Wire angle ~35 deg. 20m/min down and 18m/min up.  Net collected bottom sediment. Sample not processed,49,EN712,10-02-24,2024,2,10,10:30:00
324,2024-02-10 12:30:24+00:00,Bongo Net,deploy,L7,B6,40.2531,-70.88,NA,53,EN712,10-02-24,2024,2,10,12:30:24
325,2024-02-10 12:44:05+00:00,Bongo Net,recover,L7,B6,40.2482,-70.8775,4th Bongo. Winch zeroed with weight and bongo at the surface. SV of 1500 m/s = depth 123m. Target depth 118m. TDR showed 100m. Max payout 131m. Wire angle ~30 deg. 20m/min down and 20m/min up,71,EN712,10-02-24,2024,2,10,12:44:05
326,2024-02-11 04:35:00+00:00,Bongo Net,deploy,L10,B7,39.9298,-70.8899,NA,84,EN712,11-02-24,2024,2,11,04:35:00
327,2024-02-11 05:00:00+00:00,Bongo Net,recover,L10,B7,39.9217,-70.8998,5th Bongo. Winch zeroed with weight and bongo at the surface. SV of 1500 m/s = depth 463m. Target depth 200m. TDR showed 183.5m. Max payout 244m. Wire angle ~35 deg. 30-24-30m/min down and 18m/min up,85,EN712,11-02-24,2024,2,11,05:00:00
328,2024-02-11 11:09:12+00:00,Bongo Net,deploy,L11,B10,39.7509,-70.909,NA,93,EN712,11-02-24,2024,2,11,11:09:12
329,2024-02-11 11:42:48+00:00,Bongo Net,recover,L11,B10,39.7377,-70.9332,6th Bongo. Winch zeroed with weight and bongo at surface. L11 CTD avg SV of 1494 m/s = depth 1728m. SV of 1500 m/s = depth 1736m. Target depth 200m. TDR showed 195m. Target payout 311m. Wire angle at max payout ~50-55 deg. 20m/min down and up,98,EN712,11-02-24,2024,2,11,11:42:48
330,2024-02-11 22:43:58+00:00,Bongo Net,deploy,L9,B11,40.042,-70.9026,NA,125,EN712,11-02-24,2024,2,11,22:43:58
331,2024-02-11 23:03:03+00:00,Bongo Net,recover,L9,B11,40.0452,-70.9122,7th Bongo. Winch zeroed with weight and bongo at surface. L9 CTD avg SV of #### m/s = depth ###m. SV of 1500 m/s = depth 213m. Target depth 200m. TDR showed 207m. Max payout 261m. Wire angle 40 deg at max payout. 30m/min down and 20m/min up,126,EN712,11-02-24,2024,2,11,23:03:03
332,2024-02-12 02:32:55+00:00,Bongo Net,deploy,L8,B12,40.1604,-70.9072,NA,130,EN712,12-02-24,2024,2,12,02:32:55
333,2024-02-12 02:45:11+00:00,Bongo Net,recover,L8,B12,40.1629,-70.9151,8th Bongo. Winch zeroed with weight and bongo at surface. L8 CTD avg SV of #### m/s = depth ###m. SV of 1500 m/s = depth 140m. Target depth 135m. TDR did not record. Max payout 149m. Wire angle 25 deg at max payout. 30m/min down and 20m/min up,131,EN712,12-02-24,2024,2,12,02:45:11
334,2024-02-12 09:21:05+00:00,Bongo Net,deploy,L4,B15,40.6946,-70.8936,NA,139,EN712,12-02-24,2024,2,12,09:21:05
335,2024-02-12 09:29:22+00:00,Bongo Net,recover,L4,B15,40.6934,-70.8985,9th Bongo. Winch zeroed with weight and bongo at surface. L4 CTD avg SV  of #### m/s = depth ###m. SV of 1500 m/s = depth 64m. Target depth 58m. TDR showed 52m. Max payout 67m. Wire angle 30 deg at max payout. ##m/min down and ##m/min up,140,EN712,12-02-24,2024,2,12,09:29:22
336,2024-02-13 03:15:34+00:00,Bongo Net,deploy,L3,B16,40.8644,-70.8915,NA,195,EN712,13-02-24,2024,2,13,03:15:34
337,2024-02-13 03:22:00+00:00,Bongo Net,recover,L3,B16,40.8638,-70.895,10th Bongo. Winch zeroed with weight and bongo at surface. L3 CTD avg SV of #### m/s = depth ###m. SV of 1500 m/s = depth 55m. Target depth 50m. TDR did not record. Max payout 67m. Wire angle 35 deg at max payout. 30m/min down and 17m/min up,196,EN712,13-02-24,2024,2,13,03:22:00
338,2024-02-13 05:11:00+00:00,Bongo Net,deploy,L2,B17,41.0265,-70.8869,NA,203,EN712,13-02-24,2024,2,13,05:11:00
339,2024-02-13 05:17:00+00:00,Bongo Net,recover,L2,B17,41.0248,-70.8885,11th Bongo. Winch zeroed with weight and bongo at surface. L2 CTD avg SV of #### m/s = depth ##m. SV of 1500 m/s = depth 22m. Target depth 17m. TDR showed 15m. Max payout 18m. Wire angle ~35 deg. 20m/min down and 6m/min up,204,EN712,13-02-24,2024,2,13,05:17:00
340,2024-02-13 12:08:56+00:00,Bongo Net,deploy,MVCO,B20,41.3123,-70.5788,NA,220,EN712,13-02-24,2024,2,13,12:08:56
341,2024-02-13 12:12:57+00:00,Bongo Net,recover,MVCO,B20,41.3139,-70.5805,12th Bongo. Winch zeroed with weight and bongo at surface. CTD avg SV of 1462 m/s = depth 19m. SV of 1500 m/s = depth 20-21m. Target depth 14m. TDR showed 8m. Target payout 17m. Wire angle ~35 deg at max payout. 17m/min down and 5m/min up. Freshwater rinsed with hose then snow and rain,221,EN712,13-02-24,2024,2,13,12:12:57
342,2024-05-03 18:14:30+00:00,Bongo Net,deploy,L1,B1,41.2076,-70.8918,There was miss communication with the winch. We wanted wire out to be 26m but the winch only went to 22m wire out.,23,EN715,03-05-24,2024,5,3,18:14:30
343,2024-05-03 18:20:20+00:00,Bongo Net,recover,L1,B1,41.2095,-70.8893,NA,24,EN715,03-05-24,2024,5,3,18:20:20
344,2024-05-04 04:25:07+00:00,Bongo Net,deploy,L2,B2,41.0371,-70.8851,The ring net got tangled at deployment so we had to pull the nets out of water to fixt it. This took about 5 minutes.,39,EN715,04-05-24,2024,5,4,04:25:07
345,2024-05-04 04:38:11+00:00,Bongo Net,recover,L2,B2,41.0416,-70.8866,NA,40,EN715,04-05-24,2024,5,4,04:38:11
346,2024-05-04 10:18:36+00:00,Bongo Net,deploy,L4,B5,40.6975,-70.8838,NA,61,EN715,04-05-24,2024,5,4,10:18:36
347,2024-05-04 10:25:44+00:00,Bongo Net,recover,L4,B5,40.699,-70.8862,NA,62,EN715,04-05-24,2024,5,4,10:25:44
348,2024-05-04 15:23:27+00:00,Bongo Net,other,L5,B6,40.5197,-70.8848,Bongo hit bottom on first deployment so we had to do bongo again,65,EN715,04-05-24,2024,5,4,15:23:27
349,2024-05-04 15:44:25+00:00,Bongo Net,deploy,L5,B6,40.526,-70.8862,NA,63,EN715,04-05-24,2024,5,4,15:44:25
350,2024-05-04 15:54:16+00:00,Bongo Net,recover,L5,B6,40.5293,-70.8876,NA,64,EN715,04-05-24,2024,5,4,15:54:16
351,2024-05-05 08:19:40+00:00,Bongo Net,deploy,L10,B7,39.9416,-70.8827,NA,95,EN715,05-05-24,2024,5,5,08:19:40
352,2024-05-05 08:46:48+00:00,Bongo Net,recover,L10,B7,39.951,-70.8735,NA,96,EN715,05-05-24,2024,5,5,08:46:48
353,2024-05-05 13:26:36+00:00,Bongo Net,deploy,L11,B10,39.775,-70.8828,NA,108,EN715,05-05-24,2024,5,5,13:26:36
354,2024-05-05 13:50:02+00:00,Bongo Net,recover,L11,B10,39.7793,-70.8744,NA,109,EN715,05-05-24,2024,5,5,13:50:02
355,2024-05-06 04:40:00+00:00,Bongo Net,other,L6,B13,40.3655,-70.8832,Bongo hit bottom on first deployment so we had to do bongo again. Flowmeter includes start of 1st deployment until end of 2nd deployment.,150,EN715,06-05-24,2024,5,6,04:40:00
356,2024-05-06 05:13:06+00:00,Bongo Net,deploy,L6,B13,40.3668,-70.8676,NA,148,EN715,06-05-24,2024,5,6,05:13:06
357,2024-05-06 05:26:23+00:00,Bongo Net,recover,L6,B13,40.3658,-70.8609,Flowmeter includes start of 1st deployment until end of 2nd deployment,149,EN715,06-05-24,2024,5,6,05:26:23
358,2024-05-06 07:21:14+00:00,Bongo Net,other,L8,B14,40.1491,-70.8841,Bongo hit bottom on first deployment so we had to do bongo again,151,EN715,06-05-24,2024,5,6,07:21:14
359,2024-05-06 07:55:52+00:00,Bongo Net,deploy,L8,B14,40.1427,-70.8744,NA,155,EN715,06-05-24,2024,5,6,07:55:52
360,2024-05-06 08:07:27+00:00,Bongo Net,recover,L8,B14,40.1417,-70.8707,NA,156,EN715,06-05-24,2024,5,6,08:07:27
361,2024-05-06 19:45:38+00:00,Bongo Net,deploy,L3,B15,40.8768,-70.8919,Our target depth was 10m above the bottom depth instead of the usual 5m above the bottom. There was very little sample for 100um size fraction.,170,EN715,06-05-24,2024,5,6,19:45:38
362,2024-05-06 19:52:05+00:00,Bongo Net,recover,L3,B15,40.8742,-70.8907,NA,171,EN715,06-05-24,2024,5,6,19:52:05
363,2024-05-07 06:30:54+00:00,Bongo Net,deploy,L9,B18,40.0427,-70.8829,Our target depth was 10m above the bottom depth instead of the usual 5m above the bottom.,217,EN715,07-05-24,2024,5,7,06:30:54
364,2024-05-07 07:02:45+00:00,Bongo Net,recover,L9,B18,40.057,-70.8826,NA,218,EN715,07-05-24,2024,5,7,07:02:45
365,2024-05-07 09:15:11+00:00,Bongo Net,deploy,L7,B19,40.2561,-70.8793,We went back to our usual target depth of 5m above the bottom.,219,EN715,07-05-24,2024,5,7,09:15:11
366,2024-05-07 09:27:10+00:00,Bongo Net,recover,L7,B19,40.2552,-70.8751,NA,220,EN715,07-05-24,2024,5,7,09:27:10
367,2024-05-08 05:11:06+00:00,Bongo Net,deploy,MVCO,B23,41.3157,-70.5794,NA,244,EN715,08-05-24,2024,5,8,05:11:06
368,2024-05-08 05:14:30+00:00,Bongo Net,recover,MVCO,B23,41.3147,-70.5775,NA,246,EN715,08-05-24,2024,5,8,05:14:30
369,2023-10-11 16:28:57+00:00,Bongo Net,deploy,L1,B1,41.194,-70.878,NA,12,AR77,11-10-23,2023,10,11,16:28:57
370,2023-10-11 16:30:00+00:00,Bongo Net,recover,L1,B1,41.194,-70.878,NA,13,AR77,11-10-23,2023,10,11,16:30:00
371,2023-10-12 02:38:28+00:00,Bongo Net,deploy,L2,B2,41.033,-70.884,Winch problem during the recovery of the bongo,15,AR77,12-10-23,2023,10,12,02:38:28
372,2023-10-12 02:50:00+00:00,Bongo Net,abort,L2,B2,41.038,-70.885,winch hydraulics shutdown midtow revoer to rinse and redeploy,17,AR77,12-10-23,2023,10,12,02:50:00
373,2023-10-12 03:06:00+00:00,Bongo Net,deploy,L2,B2,41.043,-70.885,NA,18,AR77,12-10-23,2023,10,12,03:06:00
374,2023-10-12 03:15:00+00:00,Bongo Net,recover,L2,B2,41.047,-70.886,NA,19,AR77,12-10-23,2023,10,12,03:15:00
375,2023-10-12 12:05:46+00:00,Bongo Net,deploy,L5,B5,40.511,-70.882,NA,29,AR77,12-10-23,2023,10,12,12:05:46
376,2023-10-12 12:13:03+00:00,Bongo Net,recover,L5,B5,40.508,-70.88,NA,30,AR77,12-10-23,2023,10,12,12:13:03
377,2023-10-13 03:27:00+00:00,Bongo Net,deploy,L10,B6,39.941,-70.885,NA,41,AR77,13-10-23,2023,10,13,03:27:00
378,2023-10-13 03:48:00+00:00,Bongo Net,recover,L10,B6,39.939,-70.881,NA,42,AR77,13-10-23,2023,10,13,03:48:00
379,2023-10-13 10:19:21+00:00,Bongo Net,deploy,L11,B8,39.773,-70.885,NA,97,AR77,13-10-23,2023,10,13,10:19:21
380,2023-10-13 10:35:41+00:00,Bongo Net,recover,L11,B8,39.778,-70.887,NA,98,AR77,13-10-23,2023,10,13,10:35:41
381,2023-10-13 20:36:00+00:00,Bongo Net,deploy,L6,B10,40.363,-70.884,NA,67,AR77,13-10-23,2023,10,13,20:36:00
382,2023-10-13 20:45:00+00:00,Bongo Net,recover,L6,B10,40.364,-70.888,NA,68,AR77,13-10-23,2023,10,13,20:45:00
383,2023-10-14 02:14:00+00:00,Bongo Net,deploy,L9,B13,40.029,-70.884,NA,75,AR77,14-10-23,2023,10,14,02:14:00
384,2023-10-14 02:40:00+00:00,Bongo Net,recover,L9,B13,40.034,-70.886,NA,76,AR77,14-10-23,2023,10,14,02:40:00
385,2023-10-14 08:13:38+00:00,Bongo Net,deploy,L8,B16,40.152,-70.886,NA,99,AR77,14-10-23,2023,10,14,08:13:38
386,2023-10-14 08:29:45+00:00,Bongo Net,recover,L8,B16,40.157,-70.887,NA,100,AR77,14-10-23,2023,10,14,08:29:45
387,2023-10-14 10:34:42+00:00,Bongo Net,deploy,L7,B17,40.258,-70.884,NA,101,AR77,14-10-23,2023,10,14,10:34:42
388,2023-10-14 10:46:27+00:00,Bongo Net,recover,L7,B17,40.261,-70.887,NA,102,AR77,14-10-23,2023,10,14,10:46:27
389,2023-10-14 21:16:00+00:00,Bongo Net,deploy,L3,B18,40.863,-70.885,NA,109,AR77,14-10-23,2023,10,14,21:16:00
390,2023-10-14 21:21:22+00:00,Bongo Net,recover,L3,B18,40.862,-70.887,NA,110,AR77,14-10-23,2023,10,14,21:21:22
391,2023-10-14 22:42:00+00:00,Bongo Net,deploy,L4,B19,40.694,-70.884,NA,112,AR77,14-10-23,2023,10,14,22:42:00
392,2023-10-14 22:49:00+00:00,Bongo Net,recover,L4,B19,40.697,-70.884,NA,113,AR77,14-10-23,2023,10,14,22:49:00
393,2023-10-16 09:10:43+00:00,Bongo Net,deploy,MVCO,B35,41.325,-70.578,issue with winch wire reading,153,AR77,16-10-23,2023,10,16,09:10:43
394,2023-10-16 09:17:17+00:00,Bongo Net,recover,MVCO,B35,41.327,-70.581,NA,154,AR77,16-10-23,2023,10,16,09:17:17
395,2018-11-12 17:01:00+00:00,Bongo Net,deploy,L1,B1,41.195,-70.883,NA,4,AR32,12-11-18,2018,11,12,17:01:00
396,2018-11-12 19:47:00+00:00,Bongo Net,deploy,L3,B2,40.861,-70.882,NA,6,AR32,12-11-18,2018,11,12,19:47:00
397,2018-11-12 22:50:00+00:00,Bongo Net,deploy,L5,B3,40.508,-70.883,NA,13,AR32,12-11-18,2018,11,12,22:50:00
398,2018-11-13 00:48:00+00:00,Bongo Net,deploy,L6,B4,40.361,-70.876,NA,14,AR32,13-11-18,2018,11,13,00:48:00
399,2018-11-13 02:52:00+00:00,Bongo Net,deploy,L7,B5,40.227,-70.877,NA,17,AR32,13-11-18,2018,11,13,02:52:00
400,2018-11-13 05:52:00+00:00,Bongo Net,deploy,L10,B6,39.941,-70.893,NA,19,AR32,13-11-18,2018,11,13,05:52:00
401,2018-11-13 08:37:57+00:00,Bongo Net,deploy,L11,B7,39.776,-70.878,NA,22,AR32,13-11-18,2018,11,13,08:37:57
402,2019-09-20 05:06:05+00:00,Bongo Net,deploy,L6,B8,41.524,-70.672,Net holded ~7min (wire stucked) when pulled back - wire out ~10m,28,AR38,20-09-19,2019,9,20,05:06:05
403,2019-09-20 18:46:50+00:00,Bongo Net,deploy,NA,NA,40.977,-70.876,NA,12,AR38,20-09-19,2019,9,20,18:46:50
404,2019-09-20 20:33:05+00:00,Bongo Net,deploy,L3,B2,40.856,-70.889,deployed oblique,18,AR38,20-09-19,2019,9,20,20:33:05
405,2019-09-20 20:39:05+00:00,Bongo Net,recover,L3,B2,40.854,-70.89,NA,19,AR38,20-09-19,2019,9,20,20:39:05
406,2019-09-21 05:25:05+00:00,Bongo Net,recover,L6,B8,40.353,-70.893,Net holded ~7min (wire stucked) when pulled back - wire out ~10m,29,AR38,21-09-19,2019,9,21,05:25:05
407,2019-09-21 07:10:05+00:00,Bongo Net,deploy,L7,B9,40.223,-70.882,Deployed from back deck - angle hard to measure,31,AR38,21-09-19,2019,9,21,07:10:05
408,2019-09-21 07:25:00+00:00,Bongo Net,recover,L7,B9,40.22,-70.89,NA,32,AR38,21-09-19,2019,9,21,07:25:00
409,2019-09-21 09:09:00+00:00,Bongo Net,deploy,L9,B10,40.096,-70.884,NA,34,AR38,21-09-19,2019,9,21,09:09:00
410,2019-09-21 09:27:00+00:00,Bongo Net,recover,L9,B10,40.095,-70.894,NA,35,AR38,21-09-19,2019,9,21,09:27:00
411,2019-09-21 11:32:00+00:00,Bongo Net,deploy,L10,B11,39.936,-70.886,NA,37,AR38,21-09-19,2019,9,21,11:32:00
412,2019-09-21 11:59:00+00:00,Bongo Net,recover,L10,B11,39.935,-70.903,NA,38,AR38,21-09-19,2019,9,21,11:59:00
413,2019-09-21 15:18:00+00:00,Bongo Net,deploy,L11,B12,39.771,-70.892,NA,41,AR38,21-09-19,2019,9,21,15:18:00
414,2019-09-21 15:43:00+00:00,Bongo Net,recover,L11,B12,39.774,-70.91,NA,42,AR38,21-09-19,2019,9,21,15:43:00
415,2019-09-22 02:12:05+00:00,Bongo Net,deploy,L4,B14,40.702,-70.882,NA,49,AR38,22-09-19,2019,9,22,02:12:05
416,2019-09-22 02:20:00+00:00,Bongo Net,recover,L4,B14,40.704,-70.876,NA,50,AR38,22-09-19,2019,9,22,02:20:00
417,2019-09-22 04:37:00+00:00,Bongo Net,deploy,L3,B16,40.864,-70.882,NA,52,AR38,22-09-19,2019,9,22,04:37:00
418,2019-09-22 04:43:00+00:00,Bongo Net,recover,L3,B16,40.868,-70.881,NA,53,AR38,22-09-19,2019,9,22,04:43:00
419,2019-09-22 08:25:00+00:00,Bongo Net,deploy,L2,B19,41.03,-70.883,NA,57,AR38,22-09-19,2019,9,22,08:25:00
420,2019-09-22 08:30:00+00:00,Bongo Net,recover,L2,B19,41.032,-70.881,NA,58,AR38,22-09-19,2019,9,22,08:30:00
421,2021-11-09 00:25:00+00:00,Ring Net,deploy,L3,R3,40.865,-70.884,target depth 51m,96,AR61B,09-11-21,2021,11,9,00:25:00
422,2021-11-09 00:29:00+00:00,Ring Net,recover,L3,R3,40.865,-70.884,NA,97,AR61B,09-11-21,2021,11,9,00:29:00
423,2021-11-09 04:43:00+00:00,Ring Net,deploy,L5,R5,40.513,-70.884,target depth 53m,98,AR61B,09-11-21,2021,11,9,04:43:00
424,2021-11-09 04:55:00+00:00,Ring Net,recover,L5,R5,40.513,-70.884,NA,99,AR61B,09-11-21,2021,11,9,04:55:00
425,2021-11-09 17:03:00+00:00,Ring Net,recover,L10,R7,39.94,-70.883,NA,101,AR61B,09-11-21,2021,11,9,17:03:00
426,2021-11-10 03:35:00+00:00,Ring Net,deploy,L11,R9,39.772,-70.864,target depth 200m,94,AR61B,10-11-21,2021,11,10,03:35:00
427,2021-11-10 03:50:00+00:00,Ring Net,recover,L11,R9,39.772,-70.857,NA,95,AR61B,10-11-21,2021,11,10,03:50:00
428,2021-11-10 14:18:00+00:00,Ring Net,deploy,L9,R11,40.098,-70.883,target depth 144m,102,AR61B,10-11-21,2021,11,10,14:18:00
429,2021-11-10 14:29:00+00:00,Ring Net,recover,L9,R11,40.098,-70.883,NA,103,AR61B,10-11-21,2021,11,10,14:29:00
430,2021-11-10 16:49:00+00:00,Ring Net,deploy,L10,R7,40.117,-70.824,target depth 200m,100,AR61B,10-11-21,2021,11,10,16:49:00
431,2021-11-11 14:27:00+00:00,Ring Net,deploy,L6,R18,40.364,-70.883,target depth 93m,179,AR61B,11-11-21,2021,11,11,14:27:00
432,2021-11-11 14:34:00+00:00,Ring Net,recover,L6,R18,40.364,-70.883,NA,180,AR61B,11-11-21,2021,11,11,14:34:00
433,2018-04-03 20:59:47+00:00,Ring Net,deploy,L1,R1,41.185,-70.883,cast depth 17m,20,AR28B,03-04-18,2018,4,3,20:59:47
434,2018-04-03 22:25:02+00:00,Ring Net,deploy,L2,R2,41.031,-70.883,cast depth 40m cod end broke free,21,AR28B,03-04-18,2018,4,3,22:25:02
435,2018-04-04 00:25:02+00:00,Ring Net,deploy,L3,R3,40.864,-70.885,cast depth 50m?,22,AR28B,04-04-18,2018,4,4,00:25:02
436,2018-04-04 02:19:02+00:00,Ring Net,deploy,L4,R4,40.697,-70.883,cast depth 62m,23,AR28B,04-04-18,2018,4,4,02:19:02
437,2018-04-04 04:30:02+00:00,Ring Net,deploy,L5,R5,40.529,-70.881,cast depth 72m,24,AR28B,04-04-18,2018,4,4,04:30:02
438,2018-04-09 15:45:00+00:00,Ring Net,deploy,L10,R10,39.94,-70.882,cast depth 438m,229,AR28B,09-04-18,2018,4,9,15:45:00
439,2018-04-10 02:55:02+00:00,Ring Net,deploy,L11,R12,39.773,-70.884,cast depth 200m - salp central,230,AR28B,10-04-18,2018,4,10,02:55:02
440,2018-04-10 18:55:02+00:00,Ring Net,deploy,L9,R17,40.096,-70.885,cast depth 145m,231,AR28B,10-04-18,2018,4,10,18:55:02
441,2018-04-11 12:56:02+00:00,Ring Net,deploy,L7,R27,40.227,-70.885,cast depth 120m,232,AR28B,11-04-18,2018,4,11,12:56:02
442,2018-04-11 18:40:02+00:00,Ring Net,deploy,L6,R28,40.359,-70.885,cast depth 87m,233,AR28B,11-04-18,2018,4,11,18:40:02
443,2018-04-12 12:40:02+00:00,Ring Net,deploy,L8,R37,40.137,-70.775,cast depth 129m,234,AR28B,12-04-18,2018,4,12,12:40:02
444,2018-10-21 08:35:22+00:00,Ring Net,deploy,L6,R1,40.362,-70.882,"Bottom 93m, target depth 83m (zeroed net with ring 2m deeper than surface)",18,AR31A,21-10-18,2018,10,21,08:35:22
445,2018-10-21 08:35:26+00:00,Ring Net,deploy,L6,R1,40.362,-70.882,"Bottom 93m, target depth 83m (zeroed net with ring 2m deeper than surface)",19,AR31A,21-10-18,2018,10,21,08:35:26
446,2018-10-21 09:12:43+00:00,Ring Net,recover,L6,R1,40.386,-70.891,approximate time of recovery: 0900 UTC,20,AR31A,21-10-18,2018,10,21,09:12:43
447,2018-10-21 10:32:00+00:00,Ring Net,deploy,L5,R2,40.514,-70.881,NA,23,AR31A,21-10-18,2018,10,21,10:32:00
448,2018-10-21 12:26:00+00:00,Ring Net,deploy,L4,R3,40.696,-70.884,NA,25,AR31A,21-10-18,2018,10,21,12:26:00
449,2019-04-15 05:06:00+00:00,Ring Net,deploy,L4,R2,40.698,-70.886,LTER L4  target depth 62m,31,AR34B,15-04-19,2019,4,15,05:06:00
450,2019-04-15 05:12:00+00:00,Ring Net,recover,L4,R2,40.698,-70.887,NA,32,AR34B,15-04-19,2019,4,15,05:12:00
451,2019-04-15 06:47:00+00:00,Ring Net,deploy,L3,R3,40.864,-70.883,LTER L3 target depth 51m,33,AR34B,15-04-19,2019,4,15,06:47:00
452,2019-04-15 06:54:00+00:00,Ring Net,recover,L3,R3,40.864,-70.884,NA,34,AR34B,15-04-19,2019,4,15,06:54:00
453,2019-04-15 08:27:00+00:00,Ring Net,deploy,L2,R4,41.031,-70.881,LTER L2  target depth 42m,35,AR34B,15-04-19,2019,4,15,08:27:00
454,2019-04-15 08:31:00+00:00,Ring Net,recover,L2,R4,41.031,-70.881,NA,36,AR34B,15-04-19,2019,4,15,08:31:00
455,2019-04-15 10:05:00+00:00,Ring Net,deploy,L1,R5,41.197,-70.883,LTER L1  target depth 19m,37,AR34B,15-04-19,2019,4,15,10:05:00
456,2019-04-15 10:08:00+00:00,Ring Net,recover,L1,R5,41.197,-70.883,NA,38,AR34B,15-04-19,2019,4,15,10:08:00
457,2019-04-17 03:32:00+00:00,Ring Net,deploy,L7,R6,40.226,-70.885,LTER L7 target depth 123m,88,AR34B,17-04-19,2019,4,17,03:32:00
458,2019-04-17 03:40:53+00:00,Ring Net,recover,L7,R6,40.226,-70.884,NA,89,AR34B,17-04-19,2019,4,17,03:40:53
459,2019-04-17 06:31:00+00:00,Ring Net,deploy,L5,R7,40.513,-70.884,LTER L5 target depth 73m,90,AR34B,17-04-19,2019,4,17,06:31:00
460,2019-04-17 06:35:00+00:00,Ring Net,recover,L5,R7,40.513,-70.884,NA,91,AR34B,17-04-19,2019,4,17,06:35:00
461,2019-04-17 08:14:00+00:00,Ring Net,deploy,L6,R8,40.364,-70.884,LTER L6 target depth 90m,94,AR34B,17-04-19,2019,4,17,08:14:00
462,2019-04-17 08:20:00+00:00,Ring Net,recover,L6,R8,40.364,-70.884,NA,95,AR34B,17-04-19,2019,4,17,08:20:00
463,2019-04-18 02:10:00+00:00,Ring Net,deploy,L8,R9,40.137,-70.776,LTER L8 target depth 130m,86,AR34B,18-04-19,2019,4,18,02:10:00
464,2019-04-18 02:20:00+00:00,Ring Net,recover,L8,R9,40.137,-70.776,NA,87,AR34B,18-04-19,2019,4,18,02:20:00
465,2019-04-18 06:01:00+00:00,Ring Net,deploy,L11,R10,39.775,-70.883,LTER L11 target depth 200m,92,AR34B,18-04-19,2019,4,18,06:01:00
466,2019-04-18 06:14:00+00:00,Ring Net,deploy,L11,R10,39.775,-70.883,NA,93,AR34B,18-04-19,2019,4,18,06:14:00
467,2019-04-22 05:41:00+00:00,Ring Net,deploy,L9,R18,40.099,-70.884,LTER L9 target depth 144m,147,AR34B,22-04-19,2019,4,22,05:41:00
468,2019-04-22 05:51:00+00:00,Ring Net,recover,L9,R18,40.099,-70.884,NA,148,AR34B,22-04-19,2019,4,22,05:51:00
469,2019-10-05 22:57:45+00:00,Ring Net,deploy,L1,R1,41.195,-70.885,Salps in separate container,17,AR39B,05-10-19,2019,10,5,22:57:45
470,2019-10-06 00:30:00+00:00,Ring Net,deploy,L2,R2,41.03,-70.883,salps in separate container,24,AR39B,06-10-19,2019,10,6,00:30:00
471,2019-10-06 02:15:00+00:00,Ring Net,deploy,L3,R3,40.863,-70.883,Salps in separate container,30,AR39B,06-10-19,2019,10,6,02:15:00
472,2019-10-06 04:05:00+00:00,Ring Net,deploy,L4,R4,40.697,-70.884,salps in separate container,34,AR39B,06-10-19,2019,10,6,04:05:00
473,2019-10-06 06:02:00+00:00,Ring Net,deploy,L5,R5,40.515,-70.885,salps in separate container,49,AR39B,06-10-19,2019,10,6,06:02:00
474,2019-10-06 14:56:30+00:00,Ring Net,deploy,L6,R6,40.364,-70.883,salps in separate container,46,AR39B,06-10-19,2019,10,6,14:56:30
475,2019-10-07 14:29:00+00:00,Ring Net,deploy,L8,R7,40.138,-70.774,no salps saved,90,AR39B,07-10-19,2019,10,7,14:29:00
476,2019-10-07 19:09:00+00:00,Ring Net,deploy,L7,R8,40.227,-70.883,no salps saved,91,AR39B,07-10-19,2019,10,7,19:09:00
477,2019-10-08 03:00:00+00:00,Ring Net,deploy,L9,R9,40.095,-70.887,NA,100,AR39B,08-10-19,2019,10,8,03:00:00
478,2019-10-08 06:33:00+00:00,Ring Net,deploy,L11,R10,39.773,-70.886,largers organisms spereate,101,AR39B,08-10-19,2019,10,8,06:33:00
479,2019-10-08 20:20:00+00:00,Ring Net,deploy,L10,R11,39.939,-70.882,salps in seperate container,128,AR39B,08-10-19,2019,10,8,20:20:00
480,2021-11-26 18:12:53+00:00,Bongo Net,recover,L2,B1,41.028732,-70.889551,NA,16,AR63,26-11-21,2021,11,26,18:12:53
481,2021-11-26 18:03:00+00:00,Bongo Net,deploy,L2,B1,41.029127,-70.884557,NA,17,AR63,26-11-21,2021,11,26,18:03:00
482,2021-11-28 02:20:13+00:00,Bongo Net,deploy,L7,B7,40.225701,-70.886537,NA,48,AR63,28-11-21,2021,11,28,02:20:13
483,2021-11-28 02:36:51+00:00,Bongo Net,recover,L7,B7,40.22898,-70.89664,NA,49,AR63,28-11-21,2021,11,28,02:36:51
484,2021-11-28 06:34:00+00:00,Bongo Net,recover,L4,B8,40.696341,-70.884847,dolphins and gulls wire angle 25 @bottom,53,AR63,28-11-21,2021,11,28,06:34:00
485,2021-11-28 06:19:00+00:00,Bongo Net,deploy,L4,B8,40.696569,-70.88303,5 min at surface while ship came up to speed,54,AR63,28-11-21,2021,11,28,06:19:00
486,2022-04-20 17:35:00+00:00,Ring Net,deploy,L3,R2,40.862962,-70.883101,Target Depth 52m,18,AR66B,20-04-22,2022,4,20,17:35:00
487,2022-04-20 22:29:14+00:00,Ring Net,deploy,L5,R4,40.512558,-70.882168,Target Depth 73m,27,AR66B,20-04-22,2022,4,20,22:29:14
488,2022-04-20 22:35:30+00:00,Ring Net,recover,L5,R4,40.512535,-70.882172,Target Depth 73m,28,AR66B,20-04-22,2022,4,20,22:35:30
489,2022-04-21 15:52:24+00:00,Ring Net,deploy,L10,R6,39.940094,-70.87972,Target Depth 200m,41,AR66B,21-04-22,2022,4,21,15:52:24
490,2022-04-20 17:40:00+00:00,Ring Net,recover,L3,R2,40.862958,-70.883084,Target Depth 52m,48,AR66B,20-04-22,2022,4,20,17:40:00
491,2022-04-21 16:07:00+00:00,Ring Net,recover,L10,R6,39.942374,-70.878484,Target Depth 200m,49,AR66B,21-04-22,2022,4,21,16:07:00
492,2022-04-22 02:40:00+00:00,Ring Net,deploy,L11,R8,39.775476,-70.87314,Target Depth 200m,119,AR66B,22-04-22,2022,4,22,02:40:00
493,2022-04-22 02:55:00+00:00,Ring Net,recover,L11,R8,39.77653,-70.868857,Target Depth 200m,120,AR66B,22-04-22,2022,4,22,02:55:00
494,2022-04-23 15:45:00+00:00,Ring Net,deploy,L9,R15,40.098068,-70.887222,Target Depth 144m,121,AR66B,23-04-22,2022,4,23,15:45:00
495,2022-04-23 15:55:00+00:00,Ring Net,recover,L9,R15,40.098059,-70.888144,Target Depth 144m,122,AR66B,23-04-22,2022,4,23,15:55:00
496,2022-04-24 14:48:00+00:00,Ring Net,deploy,L7,R19,40.226381,-70.883644,Target Depth 144m,123,AR66B,24-04-22,2022,4,24,14:48:00
497,2022-04-24 14:55:00+00:00,Ring Net,recover,L7,R19,40.226226,-70.884471,Target Depth 123m,124,AR66B,24-04-22,2022,4,24,14:55:00
498,2022-04-24 22:50:00+00:00,Ring Net,recover,L8,R20,40.134149,-70.770102,Target Depth 130m,125,AR66B,24-04-22,2022,4,24,22:50:00
499,2022-04-24 22:41:00+00:00,Ring Net,deploy,L8,R20,40.134111,-70.770087,Target Depth 132m,126,AR66B,24-04-22,2022,4,24,22:41:00
500,2022-04-25 21:43:00+00:00,Ring Net,recover,L6,R22,40.361614,-70.875987,Target Depth 91m,230,AR66B,25-04-22,2022,4,25,21:43:00
501,2022-04-25 21:35:00+00:00,Ring Net,deploy,L6,R22,40.361614,-70.876003,Target Depth 91m,231,AR66B,25-04-22,2022,4,25,21:35:00
502,2024-09-06 19:23:20+00:00,Bongo Net,deploy,L1,B2,41.196602,-70.880945,NA,17,EN720,06-09-24,2024,9,6,19:23:20
503,2024-09-06 19:30:58+00:00,Bongo Net,recover,L1,B2,41.20067,-70.882368,NA,20,EN720,06-09-24,2024,9,6,19:30:58
504,2024-09-07 02:36:36+00:00,Bongo Net,deploy,L2,B3,41.039838,-70.88261,NA,35,EN720,07-09-24,2024,9,7,02:36:36
505,2024-09-07 02:44:14+00:00,Bongo Net,recover,L2,B3,41.043612,-70.883568,NA,36,EN720,07-09-24,2024,9,7,02:44:14
506,2024-09-07 09:50:36+00:00,Bongo Net,deploy,L4,B6,40.695798,-70.885415,NA,52,EN720,07-09-24,2024,9,7,09:50:36
507,2024-09-07 10:01:42+00:00,Bongo Net,recover,L4,B6,40.696927,-70.895537,NA,55,EN720,07-09-24,2024,9,7,10:01:42
508,2024-09-07 17:46:25+00:00,Bongo Net,deploy,L5,B7,40.511802,-70.886245,NA,61,EN720,07-09-24,2024,9,7,17:46:25
509,2024-09-07 17:55:29+00:00,Bongo Net,recover,L5,B7,40.516832,-70.887197,NA,62,EN720,07-09-24,2024,9,7,17:55:29
510,2024-09-08 06:01:44+00:00,Bongo Net,deploy,L10,B8,39.941188,-70.899967,added elog entry later - fixed time,94,EN720,08-09-24,2024,9,8,06:01:44
511,2024-09-08 06:36:02+00:00,Bongo Net,recover,L10,B8,39.933265,-70.925058,added elog entry later - fixed time,95,EN720,08-09-24,2024,9,8,06:36:02
512,2024-09-08 11:58:04+00:00,Bongo Net,deploy,L11,B11,39.774018,-70.883947,NA,100,EN720,08-09-24,2024,9,8,11:58:04
513,2024-09-08 12:28:35+00:00,Bongo Net,recover,L11,B11,39.77516,-70.914673,NA,101,EN720,08-09-24,2024,9,8,12:28:35
514,2024-09-09 04:57:24+00:00,Bongo Net,deploy,L6,B14,40.361348,-70.888342,NA,151,EN720,09-09-24,2024,9,9,04:57:24
515,2024-09-09 05:10:20+00:00,Bongo Net,recover,L6,B14,40.35674,-70.89736,NA,152,EN720,09-09-24,2024,9,9,05:10:20
516,2024-09-09 08:17:36+00:00,Bongo Net,deploy,L8,B15,40.152877,-70.88908,NA,154,EN720,09-09-24,2024,9,9,08:17:36
517,2024-09-09 08:37:24+00:00,Bongo Net,recover,L8,B15,40.156003,-70.900558,NA,160,EN720,09-09-24,2024,9,9,08:37:24
518,2024-09-09 20:59:27+00:00,Bongo Net,deploy,L7,B16,40.256493,-70.884827,NA,175,EN720,09-09-24,2024,9,9,20:59:27
519,2024-09-09 21:15:36+00:00,Bongo Net,recover,L7,B16,40.247167,-70.887108,NA,176,EN720,09-09-24,2024,9,9,21:15:36
520,2024-09-10 07:14:00+00:00,Bongo Net,deploy,L9,B19,40.030837,-70.883068,NA,209,EN720,10-09-24,2024,9,10,07:14:00
521,2024-09-10 07:40:14+00:00,Bongo Net,recover,L9,B19,40.020245,-70.882823,NA,210,EN720,10-09-24,2024,9,10,07:40:14
522,2024-09-10 21:12:03+00:00,Bongo Net,deploy,L3,B20,40.857203,-70.881698,NA,223,EN720,10-09-24,2024,9,10,21:12:03
523,2024-09-10 21:22:53+00:00,Bongo Net,recover,L3,B20,40.851358,-70.881873,NA,224,EN720,10-09-24,2024,9,10,21:22:53
524,2024-09-11 05:53:05+00:00,Bongo Net,deploy,MVCO,B24,41.315973,-70.585915,NA,241,EN720,11-09-24,2024,9,11,05:53:05
525,2024-09-11 05:59:16+00:00,Bongo Net,recover,MVCO,B24,41.31428,-70.589727,NA,242,EN720,11-09-24,2024,9,11,05:59:16
