message_id,datetime8601,instrument,action,station,cast,latitude,longitude,comment,cruise,date,year,month,day,time
21,2018-01-31T20:46:13Z,Bongo Net,deploy,L1,B1,41.194617,-70.882633,net rinsed down at 21:50 bc had to get seawater hose set up,EN608,2018-01-31,2018,1,31,20:46:13
31,2018-02-01T06:24:59Z,Bongo Net,deploy,L2,B4,41.010083,-70.8684,NA,EN608,2018-02-01,2018,2,1,06:24:59
35,2018-02-01T10:24:59Z,Bongo Net,deploy,L3,B5,40.843367,-70.887217,time adjusted manually - note the event time is when stowed on deck,EN608,2018-02-01,2018,2,1,10:24:59
44,2018-02-01T20:08:01Z,Bongo Net,deploy,L4,B8,40.682933,-70.88195,NA,EN608,2018-02-01,2018,2,1,20:08:01
51,2018-02-02T00:11:58Z,Bongo Net,deploy,L5,B9,40.518267,-70.90035,Entered after the tow; time taken from TDR (thus accurate),EN608,2018-02-02,2018,2,2,00:11:58
55,2018-02-02T11:15:59Z,Bongo Net,deploy,L6,B12,40.353083,-70.898,adjust time manually 10:52 - 25 to 30 kt wind recovery was above comfort level bridge agrees,EN608,2018-02-02,2018,2,2,11:15:59
68,2018-02-03T18:34:36Z,Bongo Net,deploy,L11,B19,39.759567,-70.890183,NA,EN608,2018-02-03,2018,2,3,18:34:36
74,2018-02-03T23:44:59Z,Bongo Net,deploy,L10,B21,39.9161,-70.8868,Edited time to be 7 min earlier than when event entered,EN608,2018-02-03,2018,2,3,23:44:59
75,2018-02-04T02:40:00Z,Bongo Net,deploy,L9,B22,40.0928,-70.868117,Logged 10 min after start. Changed time to reflect this.,EN608,2018-02-04,2018,2,4,02:40:00
77,2018-02-04T05:49:29Z,Bongo Net,deploy,L7,B23,40.220033,-70.865817,NA,EN608,2018-02-04,2018,2,4,05:49:29
99,2018-02-05T00:24:59Z,Bongo Net,deploy,MVCO,B30,41.320017,-70.5716,time adjusted manually; is exact time of deployment,EN608,2018-02-05,2018,2,5,00:24:59
20,2018-04-03T20:52:00Z,Ring Net,deploy,L1,R1,41.183741,-70.882848,cast depth 17m,AR28B,2018-04-03,2018,4,3,20:52:00
21,2018-04-03T22:25:02Z,Ring Net,deploy,L2,R2,41.031341,-70.883144,cast depth 40m cod end broke free,AR28B,2018-04-03,2018,4,3,22:25:02
22,2018-04-04T00:25:02Z,Ring Net,deploy,L3,R3,40.863824,-70.884858,cast depth 50m?,AR28B,2018-04-04,2018,4,4,00:25:02
23,2018-04-04T02:19:02Z,Ring Net,deploy,L4,R4,40.697208,-70.883486,cast depth 62m,AR28B,2018-04-04,2018,4,4,02:19:02
24,2018-04-04T04:30:02Z,Ring Net,deploy,L5,R5,40.529333,-70.881313,cast depth 72m,AR28B,2018-04-04,2018,4,4,04:30:02
229,2018-04-09T15:45:00Z,Ring Net,deploy,L10,R10,39.940265,-70.882248,cast depth 438m,AR28B,2018-04-09,2018,4,9,15:45:00
230,2018-04-10T02:55:02Z,Ring Net,deploy,L11,R12,39.773457,-70.883951,cast depth 200m - salp central,AR28B,2018-04-10,2018,4,10,02:55:02
231,2018-04-10T18:55:02Z,Ring Net,deploy,L9,R17,40.096026,-70.885247,cast depth 145m,AR28B,2018-04-10,2018,4,10,18:55:02
232,2018-04-11T12:56:02Z,Ring Net,deploy,L7,R27,40.227054,-70.884794,cast depth 120m,AR28B,2018-04-11,2018,4,11,12:56:02
233,2018-04-11T18:40:02Z,Ring Net,deploy,L6,R28,40.358958,-70.884477,cast depth 87m,AR28B,2018-04-11,2018,4,11,18:40:02
234,2018-04-12T12:40:02Z,Ring Net,deploy,L8,R37,40.136709,-70.775062,cast depth 129m,AR28B,2018-04-12,2018,4,12,12:40:02
14,2018-07-20T18:45:31Z,Bongo Net,deploy,L1,B1,41.203333,-70.887017,New Winch from EN608,EN617,2018-07-20,2018,7,20,18:45:31
21,2018-07-20T22:14:54Z,Bongo Net,deploy,L2,B2,41.034783,-70.875367,NA,EN617,2018-07-20,2018,7,20,22:14:54
27,2018-07-21T07:34:00Z,Bongo Net,deploy,L3,B5,40.86585,-70.882533,NA,EN617,2018-07-21,2018,7,21,07:34:00
32,2018-07-21T15:38:27Z,Bongo Net,deploy,L4,B8,40.706033,-70.871483,NA,EN617,2018-07-21,2018,7,21,15:38:27
35,2018-07-21T18:04:45Z,Bongo Net,deploy,L5,B9,40.5224,-70.87265,NA,EN617,2018-07-21,2018,7,21,18:04:45
40,2018-07-22T02:53:53Z,Bongo Net,deploy,L6,B12,40.375433,-70.8851,NA,EN617,2018-07-22,2018,7,22,02:53:53
42,2018-07-22T05:50:27Z,Bongo Net,deploy,L7,B13,40.23185,-70.886017,NA,EN617,2018-07-22,2018,7,22,05:50:27
43,2018-07-22T07:43:16Z,Bongo Net,deploy,L8,B14,40.142217,-70.76645,NA,EN617,2018-07-22,2018,7,22,07:43:16
48,2018-07-22T19:06:34Z,Bongo Net,deploy,L9,B17,40.0996,-70.87415,NA,EN617,2018-07-22,2018,7,22,19:06:34
50,2018-07-22T22:38:00Z,Bongo Net,deploy,L10,B18,39.943733,-70.870183,NA,EN617,2018-07-22,2018,7,22,22:38:00
57,2018-07-23T14:47:01Z,Bongo Net,deploy,L11,B21,39.771317,-70.876533,NA,EN617,2018-07-23,2018,7,23,14:47:01
68,2018-07-24T08:19:46Z,Bongo Net,other,L11,B25,39.768483,-70.856617,tow yo to 10 meters for 1 nm to calibrate flowmeter--tow 1,EN617,2018-07-24,2018,7,24,08:19:46
71,2018-07-24T08:48:46Z,Bongo Net,other,L11,B25,39.757967,-70.837417,tow yo to 10 meters for 1 nm to calibrate flowmeter--tow 1,EN617,2018-07-24,2018,7,24,08:48:46
73,2018-07-24T09:24:16Z,Bongo Net,other,L11,B25,39.761433,-70.84275,tow yo to 10 meters for 1 nm to calibrate flowmeter--tow 2,EN617,2018-07-24,2018,7,24,09:24:16
75,2018-07-24T09:53:01Z,Bongo Net,other,L11,B25,39.770633,-70.860533,tow yo to 10 meters for 1 nm to calibrate flowmeter--tow 2,EN617,2018-07-24,2018,7,24,09:53:01
89,2018-07-25T01:41:00Z,Bongo Net,deploy,MVCO,B35,41.3223,-70.57515,NA,EN617,2018-07-25,2018,7,25,01:41:00
90,2018-07-25T02:10:18Z,Bongo Net,other,MVCO,B35,41.31645,-70.558483,Flowmeter calibration,EN617,2018-07-25,2018,7,25,02:10:18
18,2018-10-21T08:35:22Z,Ring Net,deploy,L6,R1,40.36225,-70.882247,"Bottom 93m, target depth 83m (zeroed net with ring 2m deeper than surface)",AR31A,2018-10-21,2018,10,21,08:35:22
20,2018-10-21T08:56:00Z,Ring Net,recover,L6,R1,40.386446,-70.890817,approximate time of recovery: 0900 UTC,AR31A,2018-10-21,2018,10,21,08:56:00
23,2018-10-21T10:32:00Z,Ring Net,deploy,L5,R2,40.514241,-70.88082,NA,AR31A,2018-10-21,2018,10,21,10:32:00
25,2018-10-21T12:26:00Z,Ring Net,deploy,L4,R3,40.696329,-70.883635,NA,AR31A,2018-10-21,2018,10,21,12:26:00
4,2018-11-12T17:01:00Z,Bongo Net,deploy,L1,B1,41.194982,-70.882958,NA,AR32,2018-11-12,2018,11,12,17:01:00
6,2018-11-12T19:47:00Z,Bongo Net,deploy,L3,B2,40.861193,-70.881735,NA,AR32,2018-11-12,2018,11,12,19:47:00
13,2018-11-12T22:50:00Z,Bongo Net,deploy,L5,B3,40.50839,-70.883345,NA,AR32,2018-11-12,2018,11,12,22:50:00
14,2018-11-13T00:48:00Z,Bongo Net,deploy,L6,B4,40.360815,-70.876405,NA,AR32,2018-11-13,2018,11,13,00:48:00
17,2018-11-13T02:52:00Z,Bongo Net,deploy,L7,B5,40.227085,-70.876625,NA,AR32,2018-11-13,2018,11,13,02:52:00
19,2018-11-13T05:52:00Z,Bongo Net,deploy,L10,B6,39.941159,-70.892642,NA,AR32,2018-11-13,2018,11,13,05:52:00
22,2018-11-13T08:37:57Z,Bongo Net,deploy,L11,B7,39.776158,-70.87774,NA,AR32,2018-11-13,2018,11,13,08:37:57
40,2019-02-02T10:49:48Z,Bongo Net,recover,L3,B8,40.8636,-70.8852,NA,EN627,2019-02-02,2019,2,2,10:49:48
36,2019-02-02T08:31:43Z,Bongo Net,deploy,L2,B7,41.0226,-70.8842,SECOND ATTEMPT FOR B07,EN627,2019-02-02,2019,2,2,08:31:43
39,2019-02-02T10:43:38Z,Bongo Net,deploy,L3,B8,40.8625,-70.8819,NA,EN627,2019-02-02,2019,2,2,10:43:38
19,2019-02-02T13:14:41Z,Bongo Net,deploy,L1,B3,NA,NA,Most recent profile data is cast 3; Incomplete sample only kept 2 size fractions from 20um net,EN627,2019-02-02,2019,2,2,13:14:41
20,2019-02-02T13:16:30Z,Bongo Net,recover,L1,B3,NA,NA,hit bottom; 150 net and 335 net with sand; no sample in either. Sample recovered from 20um net; two size fractions,EN627,2019-02-02,2019,2,2,13:16:30
56,2019-02-02T20:35:34Z,Bongo Net,deploy,L4,B12,40.694892,-70.87184,NA,EN627,2019-02-02,2019,2,2,20:35:34
57,2019-02-02T20:45:19Z,Bongo Net,recover,L4,B12,40.690232,-70.872432,NA,EN627,2019-02-02,2019,2,2,20:45:19
71,2019-02-03T11:33:34Z,Bongo Net,deploy,L6,B16,40.364375,-70.89299,NA,EN627,2019-02-03,2019,2,3,11:33:34
151,2019-02-03T11:45:19Z,Bongo Net,recover,L6,B16,40.36728,-70.899867,NA,EN627,2019-02-03,2019,2,3,11:45:19
76,2019-02-03T14:31:34Z,Bongo Net,deploy,L7,B17,40.227492,-70.889165,added 2 minutes to account for fixing orientation of 20 um net; these during two minutes bongo was sampling surface water,EN627,2019-02-03,2019,2,3,14:31:34
152,2019-02-03T14:50:12Z,Bongo Net,recover,L7,B17,40.223787,-70.898028,NA,EN627,2019-02-03,2019,2,3,14:50:12
80,2019-02-03T18:56:34Z,Bongo Net,deploy,L8,B19,40.120472,-70.766567,Updated time to start of re-do cast--hit bottom on first cast,EN627,2019-02-03,2019,2,3,18:56:34
153,2019-02-03T19:12:04Z,Bongo Net,recover,L8,B19,40.115012,-70.76863,NA,EN627,2019-02-03,2019,2,3,19:12:04
95,2019-02-04T02:28:04Z,Bongo Net,other,L9,NA,40.100357,-70.876457,tow stopped; meter block malfunctioning NO SAMPLE SAVED,EN627,2019-02-04,2019,2,4,02:28:04
96,2019-02-04T02:31:04Z,Bongo Net,other,L9,NA,40.101997,-70.876555,No sample,EN627,2019-02-04,2019,2,4,02:31:04
97,2019-02-04T02:48:49Z,Bongo Net,deploy,L9,B22,40.104692,-70.878587,NA,EN627,2019-02-04,2019,2,4,02:48:49
98,2019-02-04T03:07:04Z,Bongo Net,recover,L9,B22,40.112435,-70.87423,NA,EN627,2019-02-04,2019,2,4,03:07:04
103,2019-02-04T07:39:04Z,Bongo Net,deploy,L10,B24,39.938198,-70.884807,NA,EN627,2019-02-04,2019,2,4,07:39:04
104,2019-02-04T08:05:04Z,Bongo Net,recover,L10,B24,39.944832,-70.876267,NA,EN627,2019-02-04,2019,2,4,08:05:04
105,2019-02-04T10:36:19Z,Bongo Net,deploy,L11,B25,39.77296,-70.883958,extra 3 minutes at surface to untwist 20 um net upon deployment,EN627,2019-02-04,2019,2,4,10:36:19
107,2019-02-04T11:13:19Z,Bongo Net,recover,L11,B25,39.791038,-70.883995,NA,EN627,2019-02-04,2019,2,4,11:13:19
162,2019-02-04T19:33:19Z,Bongo Net,other,L11,NA,39.77275,-70.88184,Flowmeter Calibration 1 Start,EN627,2019-02-04,2019,2,4,19:33:19
163,2019-02-04T20:14:19Z,Bongo Net,other,L11,NA,39.765645,-70.860492,Flowmeter Calibration 1 End,EN627,2019-02-04,2019,2,4,20:14:19
164,2019-02-04T20:25:49Z,Bongo Net,other,L11,NA,39.763642,-70.859907,Flowmeter Calibration 2 Start,EN627,2019-02-04,2019,2,4,20:25:49
165,2019-02-04T20:36:19Z,Bongo Net,other,L11,NA,39.76604,-70.866005,Flowmeter Calibration 2 End,EN627,2019-02-04,2019,2,4,20:36:19
124,2019-02-05T03:38:19Z,Bongo Net,deploy,u11c,B29,39.78149,-70.527048,NA,EN627,2019-02-05,2019,2,5,03:38:19
125,2019-02-05T04:09:19Z,Bongo Net,recover,u11c,B29,39.794687,-70.524907,NA,EN627,2019-02-05,2019,2,5,04:09:19
148,2019-02-05T19:24:04Z,Bongo Net,deploy,L5,B40,40.512102,-70.886,NA,EN627,2019-02-05,2019,2,5,19:24:04
149,2019-02-05T19:33:34Z,Bongo Net,recover,L5,B40,40.507608,-70.881883,NA,EN627,2019-02-05,2019,2,5,19:33:34
157,2019-02-06T02:03:04Z,Bongo Net,deploy,L1,B44,41.193605,-70.881818,NA,EN627,2019-02-06,2019,2,6,02:03:04
158,2019-02-06T02:08:00Z,Bongo Net,recover,L1,B44,41.191173,-70.882293,NA,EN627,2019-02-06,2019,2,6,02:08:00
161,2019-02-06T04:40:14Z,Bongo Net,deploy,MVCO,B45,41.318197,-70.574758,NA,EN627,2019-02-06,2019,2,6,04:40:14
160,2019-02-06T04:44:04Z,Bongo Net,recover,MVCO,B45,41.317912,-70.577323,NA,EN627,2019-02-06,2019,2,6,04:44:04
31,2019-04-15T05:06:00Z,Ring Net,deploy,L4,R2,40.697635,-70.886236,LTER L4  target depth 62m,AR34B,2019-04-15,2019,4,15,05:06:00
32,2019-04-15T05:12:00Z,Ring Net,recover,L4,R2,40.697626,-70.886626,NA,AR34B,2019-04-15,2019,4,15,05:12:00
33,2019-04-15T06:47:00Z,Ring Net,deploy,L3,R3,40.864321,-70.883344,LTER L3 target depth 51m,AR34B,2019-04-15,2019,4,15,06:47:00
34,2019-04-15T06:54:00Z,Ring Net,recover,L3,R3,40.864357,-70.883618,NA,AR34B,2019-04-15,2019,4,15,06:54:00
35,2019-04-15T08:27:00Z,Ring Net,deploy,L2,R4,41.030731,-70.8809,LTER L2  target depth 42m,AR34B,2019-04-15,2019,4,15,08:27:00
36,2019-04-15T08:31:00Z,Ring Net,recover,L2,R4,41.030732,-70.880837,NA,AR34B,2019-04-15,2019,4,15,08:31:00
37,2019-04-15T10:05:00Z,Ring Net,deploy,L1,R5,41.196979,-70.882659,LTER L1  target depth 19m,AR34B,2019-04-15,2019,4,15,10:05:00
38,2019-04-15T10:08:00Z,Ring Net,recover,L1,R5,41.196968,-70.882632,NA,AR34B,2019-04-15,2019,4,15,10:08:00
88,2019-04-17T03:32:00Z,Ring Net,deploy,L7,R6,40.225987,-70.884494,LTER L7 target depth 123m,AR34B,2019-04-17,2019,4,17,03:32:00
89,2019-04-17T03:40:53Z,Ring Net,recover,L7,R6,40.225981,-70.884521,NA,AR34B,2019-04-17,2019,4,17,03:40:53
90,2019-04-17T06:31:00Z,Ring Net,deploy,L5,R7,40.512712,-70.883638,LTER L5 target depth 73m,AR34B,2019-04-17,2019,4,17,06:31:00
91,2019-04-17T06:35:00Z,Ring Net,recover,L5,R7,40.512569,-70.883822,NA,AR34B,2019-04-17,2019,4,17,06:35:00
94,2019-04-17T08:14:00Z,Ring Net,deploy,L6,R8,40.363648,-70.883789,LTER L6 target depth 90m,AR34B,2019-04-17,2019,4,17,08:14:00
95,2019-04-17T08:20:00Z,Ring Net,recover,L6,R8,40.363655,-70.883781,NA,AR34B,2019-04-17,2019,4,17,08:20:00
86,2019-04-18T02:10:00Z,Ring Net,deploy,L8,R9,40.136948,-70.776415,LTER L8 target depth 130m,AR34B,2019-04-18,2019,4,18,02:10:00
87,2019-04-18T02:20:00Z,Ring Net,recover,L8,R9,40.136956,-70.776419,NA,AR34B,2019-04-18,2019,4,18,02:20:00
92,2019-04-18T06:01:00Z,Ring Net,deploy,L11,R10,39.77475,-70.882573,LTER L11 target depth 200m,AR34B,2019-04-18,2019,4,18,06:01:00
93,2019-04-18T06:14:00Z,Ring Net,recover,L11,R10,39.77475,-70.882584,NA,AR34B,2019-04-18,2019,4,18,06:14:00
221,2019-04-19T15:32:00Z,Ring Net,deploy,L10,R21,39.939415,-70.884455,LTER L9 target depth 144m,AR34B,2019-04-19,2019,4,19,15:32:00
222,2019-04-19T15:52:00Z,Ring Net,recover,L10,R21,39.939415,-70.884455,NA,AR34B,2019-04-19,2019,4,19,15:52:00
147,2019-04-22T05:41:00Z,Ring Net,deploy,L9,R18,40.098844,-70.884042,LTER L9 target depth 144m,AR34B,2019-04-22,2019,4,22,05:41:00
148,2019-04-22T05:51:00Z,Ring Net,recover,L9,R18,40.098871,-70.884051,NA,AR34B,2019-04-22,2019,4,22,05:51:00
66,2019-08-20T20:19:00Z,Bongo Net,deploy,L1,B1,41.193165,-70.883988,NA,EN644,2019-08-20,2019,8,20,20:19:00
67,2019-08-20T20:23:02Z,Bongo Net,recover,L1,B1,41.192198,-70.882228,NA,EN644,2019-08-20,2019,8,20,20:23:02
68,2019-08-21T00:01:02Z,Bongo Net,deploy,L2,B2,41.027578,-70.87932,NA,EN644,2019-08-21,2019,8,21,00:01:02
69,2019-08-21T00:10:00Z,Bongo Net,recover,L2,B2,41.026545,-70.875723,NA,EN644,2019-08-21,2019,8,21,00:10:00
89,2019-08-21T08:15:02Z,Bongo Net,deploy,L3,B5,40.864785,-70.874793,NA,EN644,2019-08-21,2019,8,21,08:15:02
90,2019-08-21T08:25:02Z,Bongo Net,recover,L3,B5,40.867588,-70.868742,NA,EN644,2019-08-21,2019,8,21,08:25:02
105,2019-08-21T21:12:00Z,Bongo Net,deploy,L6,B7,40.34375,-70.874612,NA,EN644,2019-08-21,2019,8,21,21:12:00
106,2019-08-21T21:25:00Z,Bongo Net,recover,L6,B7,40.337322,-70.875178,NA,EN644,2019-08-21,2019,8,21,21:25:00
115,2019-08-22T02:51:00Z,Bongo Net,deploy,L7,B8,40.221427,-70.884753,NA,EN644,2019-08-22,2019,8,22,02:51:00
116,2019-08-22T03:05:00Z,Bongo Net,recover,L7,B8,40.215275,-70.888137,NA,EN644,2019-08-22,2019,8,22,03:05:00
120,2019-08-22T05:31:01Z,Bongo Net,deploy,L8,B9,40.121223,-70.773693,NA,EN644,2019-08-22,2019,8,22,05:31:01
121,2019-08-22T05:36:01Z,Bongo Net,recover,L8,B9,40.11935,-70.779252,Didn't collect sample because of bad weather,EN644,2019-08-22,2019,8,22,05:36:01
142,2019-08-22T17:47:01Z,Bongo Net,deploy,L10,B13,39.931922,-70.884948,NA,EN644,2019-08-22,2019,8,22,17:47:01
164,2019-08-22T18:15:01Z,Bongo Net,recover,L10,B13,39.925462,-70.888337,NA,EN644,2019-08-22,2019,8,22,18:15:01
165,2019-08-23T03:07:02Z,Bongo Net,deploy,L11,B17,39.762017,-71.05473,NA,EN644,2019-08-23,2019,8,23,03:07:02
166,2019-08-23T03:30:02Z,Bongo Net,recover,L11,B17,39.755982,-71.05592,NA,EN644,2019-08-23,2019,8,23,03:30:02
178,2019-08-23T16:15:02Z,Bongo Net,deploy,L9,B18,40.115228,-70.8848,3rd attempt to not hit the bottom and get a sample here (success!); 157mwo max  1.5kts thru the water,EN644,2019-08-23,2019,8,23,16:15:02
184,2019-08-23T16:30:02Z,Bongo Net,recover,L9,B18,40.12229,-70.886053,NA,EN644,2019-08-23,2019,8,23,16:30:02
203,2019-08-24T03:21:02Z,Bongo Net,deploy,L5,B22,40.517775,-70.885633,NA,EN644,2019-08-24,2019,8,24,03:21:02
204,2019-08-24T03:29:00Z,Bongo Net,recover,L5,B22,40.520582,-70.886502,NA,EN644,2019-08-24,2019,8,24,03:29:00
199,2019-08-24T04:53:47Z,Bongo Net,deploy,L4,B23,40.695555,-70.888492,NA,EN644,2019-08-24,2019,8,24,04:53:47
201,2019-08-24T05:04:11Z,Bongo Net,recover,L4,B23,40.696807,-70.89368,NA,EN644,2019-08-24,2019,8,24,05:04:11
249,2019-08-25T04:43:02Z,Bongo Net,deploy,MVCO,B29,41.317503,-70.585312,NA,EN644,2019-08-25,2019,8,25,04:43:02
250,2019-08-25T04:47:02Z,Bongo Net,recover,MVCO,B29,41.317375,-70.583172,NA,EN644,2019-08-25,2019,8,25,04:47:02
NA,2019-09-21T05:06:00Z,Bongo Net,deploy,L6,B8,40.362626,-70.883906,Net holded ~7min (wire stucked) when pulled back - wire out ~10m,AR38,2019-09-21,2019,9,21,05:06:00
NA,2019-09-21T05:25:05Z,Bongo Net,recover,L6,B8,40.362626,-70.883906,Net holded ~7min (wire stucked) when pulled back - wire out ~10m,AR38,2019-09-21,2019,9,21,05:25:05
18,2019-09-20T20:33:05Z,Bongo Net,deploy,L3,B2,40.855796,-70.888831,deployed oblique,AR38,2019-09-20,2019,9,20,20:33:05
19,2019-09-20T20:39:05Z,Bongo Net,recover,L3,B2,40.85379,-70.890152,NA,AR38,2019-09-20,2019,9,20,20:39:05
31,2019-09-21T07:10:05Z,Bongo Net,deploy,L7,B9,40.222495,-70.882609,Deployed from back deck - angle hard to measure,AR38,2019-09-21,2019,9,21,07:10:05
32,2019-09-21T07:25:00Z,Bongo Net,recover,L7,B9,40.219599,-70.890339,NA,AR38,2019-09-21,2019,9,21,07:25:00
34,2019-09-21T09:09:00Z,Bongo Net,deploy,L9,B10,40.095642,-70.883984,NA,AR38,2019-09-21,2019,9,21,09:09:00
35,2019-09-21T09:27:00Z,Bongo Net,recover,L9,B10,40.094654,-70.894699,NA,AR38,2019-09-21,2019,9,21,09:27:00
37,2019-09-21T11:32:00Z,Bongo Net,deploy,L10,B11,39.935906,-70.885546,NA,AR38,2019-09-21,2019,9,21,11:32:00
38,2019-09-21T11:59:00Z,Bongo Net,recover,L10,B11,39.934905,-70.903754,NA,AR38,2019-09-21,2019,9,21,11:59:00
41,2019-09-21T15:18:00Z,Bongo Net,deploy,L11,B12,39.770931,-70.892319,NA,AR38,2019-09-21,2019,9,21,15:18:00
42,2019-09-21T15:43:00Z,Bongo Net,recover,L11,B12,39.773846,-70.910509,NA,AR38,2019-09-21,2019,9,21,15:43:00
49,2019-09-22T02:12:05Z,Bongo Net,deploy,L4,B14,40.702398,-70.88199,NA,AR38,2019-09-22,2019,9,22,02:12:05
50,2019-09-22T02:20:00Z,Bongo Net,recover,L4,B14,40.704029,-70.87539,NA,AR38,2019-09-22,2019,9,22,02:20:00
52,2019-09-22T04:37:00Z,Bongo Net,deploy,L3,B16,40.864515,-70.881447,NA,AR38,2019-09-22,2019,9,22,04:37:00
53,2019-09-22T04:43:00Z,Bongo Net,recover,L3,B16,40.867904,-70.880566,NA,AR38,2019-09-22,2019,9,22,04:43:00
57,2019-09-22T08:25:00Z,Bongo Net,deploy,L2,B19,41.030446,-70.88325,NA,AR38,2019-09-22,2019,9,22,08:25:00
58,2019-09-22T08:30:00Z,Bongo Net,recover,L2,B19,41.032635,-70.880699,NA,AR38,2019-09-22,2019,9,22,08:30:00
17,2019-10-05T22:57:45Z,Ring Net,deploy,L1,R1,41.195433,-70.884608,Salps in separate container,AR39B,2019-10-05,2019,10,5,22:57:45
24,2019-10-06T00:30:00Z,Ring Net,deploy,L2,R2,41.030063,-70.88265,salps in separate container,AR39B,2019-10-06,2019,10,6,00:30:00
30,2019-10-06T02:15:00Z,Ring Net,deploy,L3,R3,40.863295,-70.882682,Salps in separate container,AR39B,2019-10-06,2019,10,6,02:15:00
34,2019-10-06T04:05:00Z,Ring Net,deploy,L4,R4,40.697016,-70.88422,salps in separate container,AR39B,2019-10-06,2019,10,6,04:05:00
49,2019-10-06T06:02:00Z,Ring Net,deploy,L5,R5,40.514996,-70.884506,salps in separate container,AR39B,2019-10-06,2019,10,6,06:02:00
46,2019-10-06T14:56:30Z,Ring Net,deploy,L6,R6,40.363947,-70.8829,salps in separate container,AR39B,2019-10-06,2019,10,6,14:56:30
90,2019-10-07T14:29:00Z,Ring Net,deploy,L8,R7,40.13768,-70.774113,no salps saved,AR39B,2019-10-07,2019,10,7,14:29:00
91,2019-10-07T19:09:00Z,Ring Net,deploy,L7,R8,40.226727,-70.882988,no salps saved,AR39B,2019-10-07,2019,10,7,19:09:00
100,2019-10-08T03:00:00Z,Ring Net,deploy,L9,R9,40.095092,-70.887429,NA,AR39B,2019-10-08,2019,10,8,03:00:00
101,2019-10-08T06:33:00Z,Ring Net,deploy,L11,R10,39.773455,-70.88606,largers organisms spereate,AR39B,2019-10-08,2019,10,8,06:33:00
128,2019-10-08T20:20:00Z,Ring Net,deploy,L10,R11,39.939452,-70.881875,salps in seperate container,AR39B,2019-10-08,2019,10,8,20:20:00
23,2020-02-01T18:48:55Z,Bongo Net,deploy,L1,B1,41.2091,-70.893713,NA,EN649,2020-02-01,2020,2,1,18:48:55
24,2020-02-01T18:53:55Z,Bongo Net,recover,L1,B1,41.211038,-70.894758,NA,EN649,2020-02-01,2020,2,1,18:53:55
36,2020-02-01T23:26:00Z,Bongo Net,deploy,MVCO,B2,41.321173,-70.581778,NA,EN649,2020-02-01,2020,2,1,23:26:00
37,2020-02-01T23:31:00Z,Bongo Net,recover,MVCO,B2,41.32053,-70.584057,NA,EN649,2020-02-01,2020,2,1,23:31:00
50,2020-02-02T09:16:50Z,Bongo Net,deploy,L2,B5,41.032028,-70.891808,NA,EN649,2020-02-02,2020,2,2,09:16:50
51,2020-02-02T09:28:53Z,Bongo Net,recover,L2,B5,41.03329,-70.897873,NA,EN649,2020-02-02,2020,2,2,09:28:53
54,2020-02-02T12:40:05Z,Bongo Net,deploy,L3,B6,40.863257,-70.891852,NA,EN649,2020-02-02,2020,2,2,12:40:05
55,2020-02-02T12:52:43Z,Bongo Net,recover,L3,B6,40.865787,-70.899035,NA,EN649,2020-02-02,2020,2,2,12:52:43
68,2020-02-02T23:07:00Z,Bongo Net,deploy,L7,B7,40.219612,-70.89916,NA,EN649,2020-02-02,2020,2,2,23:07:00
69,2020-02-02T23:25:00Z,Bongo Net,recover,L7,B7,40.215688,-70.911898,NA,EN649,2020-02-02,2020,2,2,23:25:00
76,2020-02-03T01:36:00Z,Bongo Net,deploy,L8,B8,40.120657,-70.808323,NA,EN649,2020-02-03,2020,2,3,01:36:00
77,2020-02-03T01:58:00Z,Bongo Net,recover,L8,B8,40.11124,-70.825777,NA,EN649,2020-02-03,2020,2,3,01:58:00
88,2020-02-03T09:31:54Z,Bongo Net,deploy,L9,B11,40.090138,-70.924043,NA,EN649,2020-02-03,2020,2,3,09:31:54
89,2020-02-03T09:55:10Z,Bongo Net,recover,L9,B11,40.08847,-70.943813,NA,EN649,2020-02-03,2020,2,3,09:55:10
96,2020-02-03T18:22:00Z,Bongo Net,deploy,L10,B12,39.936476999999996,-70.913493,NA,EN649,2020-02-03,2020,2,3,18:22:00
100,2020-02-03T18:59:00Z,Bongo Net,recover,L10,B12,39.931067,-70.940628,NA,EN649,2020-02-03,2020,2,3,18:59:00
129,2020-02-04T13:16:12Z,Bongo Net,deploy,L11,B16,39.769193,-70.887233,NA,EN649,2020-02-04,2020,2,4,13:16:12
130,2020-02-04T13:49:37Z,Bongo Net,recover,L11,B16,39.760257,-70.893261999999993,NA,EN649,2020-02-04,2020,2,4,13:49:37
157,2020-02-05T04:42:00Z,Bongo Net,deploy,L6,B19,40.295577,-70.869293,started tow 4nm south of L6 to avoid fishing gear,EN649,2020-02-05,2020,2,5,04:42:00
158,2020-02-05T04:57:00Z,Bongo Net,recover,L6,B19,40.288327,-70.869597,NA,EN649,2020-02-05,2020,2,5,04:57:00
161,2020-02-05T06:43:55Z,Bongo Net,deploy,L5,B20,40.515185,-70.877127,NA,EN649,2020-02-05,2020,2,5,06:43:55
162,2020-02-05T06:53:55Z,Bongo Net,recover,L5,B20,40.511915,-70.880415,NA,EN649,2020-02-05,2020,2,5,06:53:55
163,2020-02-05T09:31:03Z,Bongo Net,deploy,L4,B21,40.699107,-70.886565,NA,EN649,2020-02-05,2020,2,5,09:31:03
167,2020-02-05T09:39:44Z,Bongo Net,recover,L4,B21,40.70269,-70.889955,NA,EN649,2020-02-05,2020,2,5,09:39:44
22,2020-07-25T16:19:57Z,Bongo Net,deploy,L1,B1,41.201937,-70.878872,NA,EN655,2020-07-25,2020,7,25,16:19:57
85,2020-07-25T16:27:00Z,Bongo Net,recover,L1,B1,41.199343,-70.87654,NA,EN655,2020-07-25,2020,7,25,16:27:00
23,2020-07-25T18:22:57Z,Bongo Net,deploy,L2,B2,41.029715,-70.874097,NA,EN655,2020-07-25,2020,7,25,18:22:57
86,2020-07-25T18:31:00Z,Bongo Net,recover,L2,B2,41.028968,-70.86941,NA,EN655,2020-07-25,2020,7,25,18:31:00
49,2020-07-25T22:08:57Z,Bongo Net,deploy,L3,B3,40.847353,-70.881163,NA,EN655,2020-07-25,2020,7,25,22:08:57
50,2020-07-25T22:24:57Z,Bongo Net,recover,L3,B3,40.839765,-70.880915,NA,EN655,2020-07-25,2020,7,25,22:24:57
51,2020-07-26T11:53:57Z,Bongo Net,deploy,L4,B7,40.697552,-70.881578,NA,EN655,2020-07-26,2020,7,26,11:53:57
52,2020-07-26T12:02:57Z,Bongo Net,recover,L4,B7,40.694015,-70.884253,NA,EN655,2020-07-26,2020,7,26,12:02:57
62,2020-07-26T19:39:00Z,Bongo Net,deploy,L5,B10,40.50466,-70.876415,NA,EN655,2020-07-26,2020,7,26,19:39:00
114,2020-07-26T19:49:00Z,Bongo Net,recover,L5,B10,40.501348,-70.875418,NA,EN655,2020-07-26,2020,7,26,19:49:00
72,2020-07-27T02:04:00Z,Bongo Net,deploy,L7,B11,40.21811,-70.870748,NA,EN655,2020-07-27,2020,7,27,02:04:00
73,2020-07-27T02:20:00Z,Bongo Net,recover,L7,B11,40.214257,-70.868582,NA,EN655,2020-07-27,2020,7,27,02:20:00
80,2020-07-27T11:13:00Z,Bongo Net,deploy,L10,B12,39.931543,-70.887863,NA,EN655,2020-07-27,2020,7,27,11:13:00
81,2020-07-27T11:41:00Z,Bongo Net,recover,L10,B12,39.918897,-70.896312,NA,EN655,2020-07-27,2020,7,27,11:41:00
112,2020-07-28T02:28:00Z,Bongo Net,deploy,L6,B16,40.191862,-70.883432,NA,EN655,2020-07-28,2020,7,28,02:28:00
113,2020-07-28T02:38:00Z,Bongo Net,recover,L6,B16,40.192205,-70.88343,NA,EN655,2020-07-28,2020,7,28,02:38:00
25,2020-10-13T18:33:01Z,Bongo Net,deploy,L1,B1,41.2033,-70.864388,NA,EN657,2020-10-13,2020,10,13,18:33:01
63,2020-10-13T18:38:01Z,Bongo Net,recover,L1,B1,41.203415,-70.862027,NA,EN657,2020-10-13,2020,10,13,18:38:01
26,2020-10-14T00:40:01Z,Bongo Net,deploy,L3,B2,40.855252,-70.875518,NA,EN657,2020-10-14,2020,10,14,00:40:01
64,2020-10-14T00:48:01Z,Bongo Net,recover,L3,B2,40.851768,-70.874328,NA,EN657,2020-10-14,2020,10,14,00:48:01
69,2020-10-14T13:39:00Z,Bongo Net,deploy,L2,B5,41.030067,-70.888233,NA,EN657,2020-10-14,2020,10,14,13:39:00
70,2020-10-14T13:46:00Z,Bongo Net,recover,L2,B5,41.030698,-70.89181,NA,EN657,2020-10-14,2020,10,14,13:46:00
71,2020-10-14T18:59:45Z,Bongo Net,deploy,L4,B6,40.694793,-70.900182,NA,EN657,2020-10-14,2020,10,14,18:59:45
72,2020-10-14T19:09:00Z,Bongo Net,recover,L4,B6,40.694127,-70.905903,NA,EN657,2020-10-14,2020,10,14,19:09:00
65,2020-10-14T23:50:00Z,Bongo Net,deploy,L5,B7,40.513758,-70.888655,NA,EN657,2020-10-14,2020,10,14,23:50:00
66,2020-10-15T00:02:00Z,Bongo Net,recover,L5,B7,40.510217,-70.892402,NA,EN657,2020-10-15,2020,10,15,00:02:00
67,2020-10-15T08:42:00Z,Bongo Net,deploy,L10,B9,39.930332,-70.877318,NA,EN657,2020-10-15,2020,10,15,08:42:00
68,2020-10-15T09:09:00Z,Bongo Net,recover,L10,B9,39.919985,-70.87298,NA,EN657,2020-10-15,2020,10,15,09:09:00
95,2020-10-15T17:08:00Z,Bongo Net,deploy,L11,B12,39.766982,-70.873925,NA,EN657,2020-10-15,2020,10,15,17:08:00
96,2020-10-15T17:33:00Z,Bongo Net,recover,L11,B12,39.758062,-70.867587,NA,EN657,2020-10-15,2020,10,15,17:33:00
119,2020-10-16T10:14:01Z,Bongo Net,deploy,L9,B14,40.100892,-70.880347,NA,EN657,2020-10-16,2020,10,16,10:14:01
120,2020-10-16T10:30:00Z,Bongo Net,recover,L9,B14,40.097072,-70.874297,NA,EN657,2020-10-16,2020,10,16,10:30:00
121,2020-10-16T12:15:00Z,Bongo Net,deploy,L8,B15,40.127578,-70.764973,NA,EN657,2020-10-16,2020,10,16,12:15:00
122,2020-10-16T12:32:00Z,Bongo Net,recover,L8,B15,40.120367,-70.757672,NA,EN657,2020-10-16,2020,10,16,12:32:00
159,2020-10-17T01:15:00Z,Bongo Net,deploy,L6,B17,40.373693,-70.894517,NA,EN657,2020-10-17,2020,10,17,01:15:00
160,2020-10-17T01:26:00Z,Bongo Net,recover,L6,B17,40.37691,-70.898563,NA,EN657,2020-10-17,2020,10,17,01:26:00
161,2020-10-17T06:18:00Z,Bongo Net,deploy,L7,B19,40.222348,-70.857125,NA,EN657,2020-10-17,2020,10,17,06:18:00
162,2020-10-17T06:28:00Z,Bongo Net,recover,L7,B19,40.221973,-70.85191,NA,EN657,2020-10-17,2020,10,17,06:28:00
171,2020-10-18T02:07:00Z,Bongo Net,deploy,MVCO,B20,41.32175,-70.579233,NA,EN657,2020-10-18,2020,10,18,02:07:00
172,2020-10-18T02:11:00Z,Bongo Net,recover,MVCO,B20,41.321073,-70.580697,NA,EN657,2020-10-18,2020,10,18,02:11:00
23,2021-02-03T19:31:00Z,Bongo Net,deploy,L1,B1,41.201815,-70.878363,NA,EN661,2021-02-03,2021,2,3,19:31:00
24,2021-02-03T19:36:00Z,Bongo Net,recover,L1,B1,41.199947,-70.876368,NA,EN661,2021-02-03,2021,2,3,19:36:00
34,2021-02-04T02:24:00Z,Bongo Net,deploy,L2,B2,41.032967,-70.892822,NA,EN661,2021-02-04,2021,2,4,02:24:00
35,2021-02-04T02:36:00Z,Bongo Net,recover,L2,B2,41.03565,-70.900757,NA,EN661,2021-02-04,2021,2,4,02:36:00
46,2021-02-04T13:24:00Z,Bongo Net,deploy,L4,B5,40.696898,-70.890548,NA,EN661,2021-02-04,2021,2,4,13:24:00
47,2021-02-04T13:42:00Z,Bongo Net,recover,L4,B5,40.6984,-70.901422,NA,EN661,2021-02-04,2021,2,4,13:42:00
52,2021-02-04T16:10:00Z,Bongo Net,deploy,L5,B6,40.514785,-70.893763,NA,EN661,2021-02-04,2021,2,4,16:10:00
53,2021-02-04T16:30:00Z,Bongo Net,recover,L5,B6,40.520067,-70.904605,NA,EN661,2021-02-04,2021,2,4,16:30:00
73,2021-02-05T01:50:00Z,Bongo Net,deploy,L10,B7,39.939547,-70.890708,NA,EN661,2021-02-05,2021,2,5,01:50:00
75,2021-02-05T02:28:00Z,Bongo Net,recover,L10,B7,39.940065,-70.917485,NA,EN661,2021-02-05,2021,2,5,02:28:00
98,2021-02-05T13:55:00Z,Bongo Net,deploy,L11,B10,39.76907,-70.870983,NA,EN661,2021-02-05,2021,2,5,13:55:00
99,2021-02-05T14:33:00Z,Bongo Net,recover,L11,B10,39.757052,-70.867683,The cod end on the 335um mesh net broke as it hit the side of the ship during recovery.,EN661,2021-02-05,2021,2,5,14:33:00
128,2021-02-06T15:36:00Z,Bongo Net,deploy,L3,B12,40.861193,-70.885583,NA,EN661,2021-02-06,2021,2,6,15:36:00
130,2021-02-06T15:52:00Z,Bongo Net,recover,L3,B12,40.853723,-70.888802,NA,EN661,2021-02-06,2021,2,6,15:52:00
139,2021-02-07T00:59:00Z,Bongo Net,deploy,MVCO,B14,41.315255,-70.578883,NA,EN661,2021-02-07,2021,2,7,00:59:00
140,2021-02-07T01:04:00Z,Bongo Net,recover,MVCO,B14,41.312982,-70.579023,NA,EN661,2021-02-07,2021,2,7,01:04:00
13,2021-07-16T18:47:00Z,Bongo Net,deploy,L1,B1,41.188795,-70.879115,NA,EN668,2021-07-16,2021,7,16,18:47:00
14,2021-07-16T18:51:00Z,Bongo Net,recover,L1,B1,41.187185,-70.87864,NA,EN668,2021-07-16,2021,7,16,18:51:00
26,2021-07-17T05:02:00Z,Bongo Net,deploy,L2,B2,41.027428,-70.879697,NA,EN668,2021-07-17,2021,7,17,05:02:00
27,2021-07-17T05:21:00Z,Bongo Net,recover,L2,B2,41.019978,-70.880028,NA,EN668,2021-07-17,2021,7,17,05:21:00
39,2021-07-17T13:47:00Z,Bongo Net,deploy,L4,B5,40.689938,-70.875772,start time approximate,EN668,2021-07-17,2021,7,17,13:47:00
41,2021-07-17T14:12:00Z,Bongo Net,recover,L4,B5,40.676443,-70.870093,NA,EN668,2021-07-17,2021,7,17,14:12:00
57,2021-07-17T22:27:00Z,Bongo Net,deploy,L5,B7,40.513562,-70.875513,NA,EN668,2021-07-17,2021,7,17,22:27:00
58,2021-07-17T22:44:00Z,Bongo Net,recover,L5,B7,40.505108,-70.870083,NA,EN668,2021-07-17,2021,7,17,22:44:00
65,2021-07-18T08:24:00Z,Bongo Net,deploy,L10,B8,39.907617,-70.895102,NA,EN668,2021-07-18,2021,7,18,08:24:00
66,2021-07-18T09:01:30Z,Bongo Net,recover,L10,B8,39.888003,-70.888477,NA,EN668,2021-07-18,2021,7,18,09:01:30
80,2021-07-18T17:18:39Z,Bongo Net,deploy,L11,B11,39.76143,-70.878832,NA,EN668,2021-07-18,2021,7,18,17:18:39
82,2021-07-18T17:45:42Z,Bongo Net,recover,L11,B11,39.750313,-70.879523,NA,EN668,2021-07-18,2021,7,18,17:45:42
113,2021-07-19T14:38:00Z,Bongo Net,deploy,L9,B14,40.095352,-70.872982,NA,EN668,2021-07-19,2021,7,19,14:38:00
114,2021-07-19T14:56:00Z,Bongo Net,recover,L9,B14,40.087455,-70.872302,NA,EN668,2021-07-19,2021,7,19,14:56:00
115,2021-07-19T15:57:00Z,Bongo Net,deploy,L8,B15,40.133902,-70.770672,at surface until 1602 due to software issue,EN668,2021-07-19,2021,7,19,15:57:00
116,2021-07-19T16:25:00Z,Bongo Net,recover,L8,B15,40.124915,-70.760322,NA,EN668,2021-07-19,2021,7,19,16:25:00
140,2021-07-20T07:12:00Z,Bongo Net,deploy,L7,B17,40.207062,-70.936743,NA,EN668,2021-07-20,2021,7,20,07:12:00
141,2021-07-20T07:32:00Z,Bongo Net,recover,L7,B17,40.204395,-70.949907,NA,EN668,2021-07-20,2021,7,20,07:32:00
143,2021-07-20T10:07:00Z,Bongo Net,deploy,L6,B18,40.3781,-70.893863,NA,EN668,2021-07-20,2021,7,20,10:07:00
144,2021-07-20T10:29:00Z,Bongo Net,recover,L6,B18,40.391282,-70.888572,NA,EN668,2021-07-20,2021,7,20,10:29:00
172,2021-07-21T03:20:00Z,Bongo Net,deploy,L3,B21,40.856883,-70.878803,NA,EN668,2021-07-21,2021,7,21,03:20:00
173,2021-07-21T03:32:00Z,Bongo Net,recover,L3,B21,40.855687,-70.871297,NA,EN668,2021-07-21,2021,7,21,03:32:00
201,2021-07-21T11:30:00Z,Bongo Net,deploy,MVCO,B25,41.312038,-70.574978,NA,EN668,2021-07-21,2021,7,21,11:30:00
202,2021-07-21T11:36:00Z,Bongo Net,recover,MVCO,B25,41.308757,-70.57409,NA,EN668,2021-07-21,2021,7,21,11:36:00
96,2021-11-09T00:25:00Z,Ring Net,deploy,L3,R3,40.865053,-70.884048,target depth 51m,AR61B,2021-11-09,2021,11,9,00:25:00
97,2021-11-09T00:29:00Z,Ring Net,recover,L3,R3,40.865294,-70.884208,NA,AR61B,2021-11-09,2021,11,9,00:29:00
98,2021-11-09T04:43:00Z,Ring Net,deploy,L5,R5,40.513194,-70.883496,target depth 53m,AR61B,2021-11-09,2021,11,9,04:43:00
99,2021-11-09T04:55:00Z,Ring Net,recover,L5,R5,40.51318,-70.883497,NA,AR61B,2021-11-09,2021,11,9,04:55:00
NA,2021-11-09T16:49:00Z,Ring Net,deploy,L10,R7,39.94,-70.883,target depth 200m,AR61B,2021-11-09,2021,11,9,16:49:00
101,2021-11-09T17:03:00Z,Ring Net,recover,L10,R7,39.939897,-70.883466,NA,AR61B,2021-11-09,2021,11,9,17:03:00
94,2021-11-10T03:35:00Z,Ring Net,deploy,L11,R9,39.772299,-70.863071,target depth 200m,AR61B,2021-11-10,2021,11,10,03:35:00
95,2021-11-10T03:50:00Z,Ring Net,recover,L11,R9,39.771817,-70.856584,NA,AR61B,2021-11-10,2021,11,10,03:50:00
102,2021-11-10T14:18:00Z,Ring Net,deploy,L9,R11,40.09801,-70.883033,target depth 144m,AR61B,2021-11-10,2021,11,10,14:18:00
103,2021-11-10T14:29:00Z,Ring Net,recover,L9,R11,40.09801,-70.883033,NA,AR61B,2021-11-10,2021,11,10,14:29:00
179,2021-11-11T14:27:00Z,Ring Net,deploy,L6,R18,40.363598,-70.883005,target depth 93m,AR61B,2021-11-11,2021,11,11,14:27:00
180,2021-11-11T14:34:00Z,Ring Net,recover,L6,R18,40.3636,-70.882998,NA,AR61B,2021-11-11,2021,11,11,14:34:00
17,2021-11-26T18:03:00Z,Bongo Net,deploy,L2,B1,41.029127,-70.884557,NA,AR63,2021-11-26,2021,11,26,18:03:00
16,2021-11-26T18:12:53Z,Bongo Net,recover,L2,B1,41.028732,-70.889551,NA,AR63,2021-11-26,2021,11,26,18:12:53
48,2021-11-28T02:20:13Z,Bongo Net,deploy,L7,B7,40.225701,-70.886537,NA,AR63,2021-11-28,2021,11,28,02:20:13
49,2021-11-28T02:36:51Z,Bongo Net,recover,L7,B7,40.22898,-70.89664,NA,AR63,2021-11-28,2021,11,28,02:36:51
54,2021-11-28T06:19:00Z,Bongo Net,deploy,L4,B8,40.696569,-70.88303,5 min at surface while ship came up to speed,AR63,2021-11-28,2021,11,28,06:19:00
53,2021-11-28T06:34:00Z,Bongo Net,recover,L4,B8,40.696341,-70.884847,dolphins and gulls wire angle 25 @bottom,AR63,2021-11-28,2021,11,28,06:34:00
13,2022-02-16T19:21:00Z,Bongo Net,deploy,L1,B1,41.194213,-70.882731,NA,AT46,2022-02-16,2022,2,16,19:21:00
14,2022-02-16T19:25:00Z,Bongo Net,recover,L1,B1,41.192158,-70.882125,NA,AT46,2022-02-16,2022,2,16,19:25:00
22,2022-02-16T19:30:00Z,Bongo Net,other,L1,B1,41.188753,-70.881182,PlanktonScope (from 20um plankton net),AT46,2022-02-16,2022,2,16,19:30:00
23,2022-02-17T03:12:00Z,Bongo Net,deploy,L4,B2,40.696641,-70.879305,Hit the bottom,AT46,2022-02-17,2022,2,17,03:12:00
24,2022-02-17T03:24:00Z,Bongo Net,recover,L4,B2,40.694174,-70.875801,NA,AT46,2022-02-17,2022,2,17,03:24:00
25,2022-02-17T06:10:00Z,Bongo Net,deploy,L5,B3,40.511398,-70.878749,NA,AT46,2022-02-17,2022,2,17,06:10:00
26,2022-02-17T06:23:00Z,Bongo Net,recover,L5,B3,40.506314,-70.874638,NA,AT46,2022-02-17,2022,2,17,06:23:00
30,2022-02-17T13:54:00Z,Bongo Net,deploy,L6,B6,40.35721,-70.879894,samples labeled as B4,AT46,2022-02-17,2022,2,17,13:54:00
32,2022-02-17T14:15:00Z,Bongo Net,recover,L6,B6,40.354294,-70.881337,samples labeled as B4; elog submitted after bongo secure,AT46,2022-02-17,2022,2,17,14:15:00
65,2022-02-17T16:30:00Z,Bongo Net,other,L4,B6,40.235925,-70.882356,PlanktonScope (from 20um plankton net),AT46,2022-02-17,2022,2,17,16:30:00
52,2022-02-17T22:43:00Z,Bongo Net,deploy,L11,B7,39.77104,-70.876575,NA,AT46,2022-02-17,2022,2,17,22:43:00
54,2022-02-17T23:14:00Z,Bongo Net,recover,L11,B7,39.763926,-70.860976,NA,AT46,2022-02-17,2022,2,17,23:14:00
91,2022-02-19T00:45:00Z,Bongo Net,deploy,L9,B12,40.090247,-70.89551,NA,AT46,2022-02-19,2022,2,19,00:45:00
92,2022-02-19T01:06:00Z,Bongo Net,recover,L9,B12,40.089521,-70.911851,NA,AT46,2022-02-19,2022,2,19,01:06:00
120,2022-02-19T02:16:00Z,Bongo Net,deploy,L8,B13,40.136878,-70.782766,Forgot TDR; depth estimated with wire angle,AT46,2022-02-19,2022,2,19,02:16:00
121,2022-02-19T02:34:00Z,Bongo Net,recover,L8,B13,40.136933,-70.794505,NA,AT46,2022-02-19,2022,2,19,02:34:00
128,2022-02-19T06:36:00Z,Bongo Net,deploy,L7,B14,40.223584,-70.892616,NA,AT46,2022-02-19,2022,2,19,06:36:00
129,2022-02-19T06:54:00Z,Bongo Net,recover,L7,B14,40.225079,-70.907131,150 net ripped off and 20 net cod end ripped off at surface. 335 sample OK. Recovery time approximate,AT46,2022-02-19,2022,2,19,06:54:00
241,2022-02-21T00:27:00Z,Bongo Net,deploy,L2,B21,41.025493,-70.8798,Tied ends of 150um and 20um; cod end on 335um,AT46,2022-02-21,2022,2,21,00:27:00
242,2022-02-21T00:33:00Z,Bongo Net,recover,L2,B21,41.023304,-70.881068,NA,AT46,2022-02-21,2022,2,21,00:33:00
244,2022-02-21T02:09:00Z,Bongo Net,deploy,L3,B22,40.86427,-70.88262,NA,AT46,2022-02-21,2022,2,21,02:09:00
245,2022-02-21T02:19:00Z,Bongo Net,recover,L3,B22,40.860957,-70.883165,NA,AT46,2022-02-21,2022,2,21,02:19:00
260,2022-02-21T12:00:00Z,Bongo Net,deploy,MVCO,B23,41.323923,-70.563878,NA,AT46,2022-02-21,2022,2,21,12:00:00
263,2022-02-21T12:04:00Z,Bongo Net,recover,MVCO,B23,41.322302,-70.564898,NA,AT46,2022-02-21,2022,2,21,12:04:00
16,2022-07-13T20:48:06Z,Ring Net,other,NA,R1,40.961683,-70.879583,test 1-m 200-um,EN685,2022-07-13,2022,7,13,20:48:06
19,2022-07-14T03:12:06Z,Ring Net,deploy,L9,R2,40.0945,-70.88055,1-m 200-um abundance,EN685,2022-07-14,2022,7,14,03:12:06
20,2022-07-14T03:25:08Z,Ring Net,recover,L9,R2,40.0893,-70.878467,first ringnet for abundance,EN685,2022-07-14,2022,7,14,03:25:08
23,2022-07-14T04:33:01Z,Ring Net,deploy,L9,R3,40.101317,-70.8831,1-m 200-um live,EN685,2022-07-14,2022,7,14,04:33:01
24,2022-07-14T04:43:37Z,Ring Net,deploy,L9,R4,40.102233,-70.87925,1-m 200-um live,EN685,2022-07-14,2022,7,14,04:43:37
41,2022-07-14T14:36:15Z,Ring Net,deploy,L9,R5,40.0961,-70.8929,1-m 200-um abundance,EN685,2022-07-14,2022,7,14,14:36:15
42,2022-07-14T14:51:08Z,Ring Net,recover,L9,R6,40.094517,-70.88675,NA,EN685,2022-07-14,2022,7,14,14:51:08
45,2022-07-14T16:09:34Z,Ring Net,deploy,L9,R6,40.09335,-70.890117,1-m 200-um live,EN685,2022-07-14,2022,7,14,16:09:34
46,2022-07-14T16:42:01Z,Ring Net,deploy,L9,R7,40.097867,-70.8855,1-m 200-um live,EN685,2022-07-14,2022,7,14,16:42:01
47,2022-07-14T16:50:44Z,Ring Net,deploy,L9,R8,40.095733,-70.884933,1-m 200-um live,EN685,2022-07-14,2022,7,14,16:50:44
48,2022-07-14T17:01:47Z,Ring Net,deploy,L9,R9,40.093117,-70.884867,1-m 200-um live,EN685,2022-07-14,2022,7,14,17:01:47
56,2022-07-15T02:05:43Z,Ring Net,deploy,L2,R10,41.023783,-70.8819,1-m 200-um abundance,EN685,2022-07-15,2022,7,15,02:05:43
59,2022-07-15T03:41:07Z,Ring Net,deploy,L2,R11,41.024217,-70.881233,1-m 500-um live,EN685,2022-07-15,2022,7,15,03:41:07
90,2022-07-15T14:06:45Z,Ring Net,deploy,L2,R12,41.032433,-70.889717,1-m 200-um abundance,EN685,2022-07-15,2022,7,15,14:06:45
98,2022-07-15T16:07:52Z,Ring Net,deploy,L2,R13,41.030567,-70.88475,1-m 500-um live,EN685,2022-07-15,2022,7,15,16:07:52
107,2022-07-15T20:34:14Z,Ring Net,deploy,L4,R14,40.704567,-70.87715,1-m 200-um abundance,EN685,2022-07-15,2022,7,15,20:34:14
108,2022-07-16T02:06:44Z,Ring Net,deploy,L4,R15,40.693483,-70.876767,1-m 200-um abundance,EN685,2022-07-16,2022,7,16,02:06:44
111,2022-07-16T03:39:16Z,Ring Net,deploy,L4,R16,40.698283000000004,-70.882917,1-m 500-um live,EN685,2022-07-16,2022,7,16,03:39:16
113,2022-07-16T03:56:20Z,Ring Net,deploy,L4,R17,40.6996,-70.873467,1-m 500-um live,EN685,2022-07-16,2022,7,16,03:56:20
114,2022-07-16T04:47:18Z,Ring Net,deploy,L4,R18,40.696467,-70.88125,1-m 200-um live,EN685,2022-07-16,2022,7,16,04:47:18
128,2022-07-16T16:27:34Z,Ring Net,deploy,L4,R19,40.697167,-70.883817,1-m 200-um abundance,EN685,2022-07-16,2022,7,16,16:27:34
130,2022-07-16T17:55:30Z,Ring Net,deploy,L4,R20,40.697667,-70.883417,1-m 500-um live,EN685,2022-07-16,2022,7,16,17:55:30
131,2022-07-16T18:15:36Z,Ring Net,abort,L4,R21,40.703517,-70.8747,1-m 500-um live,EN685,2022-07-16,2022,7,16,18:15:36
132,2022-07-16T18:18:08Z,Ring Net,deploy,L4,R21,40.70415,-70.87385,1-m 500-um live,EN685,2022-07-16,2022,7,16,18:18:08
133,2022-07-16T18:32:56Z,Ring Net,deploy,L4,R22,40.7083,-70.868883,1-m 500-um live,EN685,2022-07-16,2022,7,16,18:32:56
134,2022-07-16T19:18:48Z,Ring Net,deploy,L4,R23,40.695967,-70.88405,1m 200-um live tow,EN685,2022-07-16,2022,7,16,19:18:48
141,2022-07-17T01:39:10Z,Ring Net,deploy,L6,R24,40.363867,-70.895533,1-m 500-um surface live,EN685,2022-07-17,2022,7,17,01:39:10
142,2022-07-17T02:04:17Z,Ring Net,deploy,L6,R25,40.3688,-70.898533,1-m 500-um surface live,EN685,2022-07-17,2022,7,17,02:04:17
144,2022-07-17T04:03:00Z,Ring Net,deploy,L7,R26,40.22785,-70.880583,1-m 200-um abundance,EN685,2022-07-17,2022,7,17,04:03:00
147,2022-07-17T04:20:37Z,Ring Net,deploy,L7,R27,40.228267,-70.874483,1-m 500-um surface live,EN685,2022-07-17,2022,7,17,04:20:37
148,2022-07-17T04:24:35Z,Ring Net,deploy,L7,R28,40.228467,-70.8739,1-m 500-um surface live,EN685,2022-07-17,2022,7,17,04:24:35
149,2022-07-17T04:34:47Z,Ring Net,deploy,L7,R29,40.229,-70.8719,1-m 500-um surface live,EN685,2022-07-17,2022,7,17,04:34:47
166,2022-07-17T17:23:44Z,Ring Net,deploy,L10,R30,39.944767,-70.8792,drift net for salps,EN685,2022-07-17,2022,7,17,17:23:44
169,2022-07-17T17:47:06Z,Ring Net,deploy,L10,R31,39.945933,-70.874433,drift net for salps,EN685,2022-07-17,2022,7,17,17:47:06
174,2022-07-17T22:35:53Z,Ring Net,deploy,L9,R33,40.22535,-70.87705,drift net for salps,EN685,2022-07-17,2022,7,17,22:35:53
175,2022-07-17T22:56:07Z,Ring Net,deploy,L9,R34,40.222383,-70.879567,drift net for salps,EN685,2022-07-17,2022,7,17,22:56:07
176,2022-07-17T23:07:28Z,Ring Net,deploy,L9,R35,40.221783,-70.88085,drift net for salps,EN685,2022-07-17,2022,7,17,23:07:28
19,2022-07-29T19:51:25Z,Bongo Net,deploy,L1,B1,41.1833,-70.871317,1st Bongo. After CTD EN687_001.,EN687,2022-07-29,2022,7,29,19:51:25
20,2022-07-29T19:58:47Z,Bongo Net,recover,L1,B1,41.180117,-70.871683,1st Bongo. After CTD EN687_001.,EN687,2022-07-29,2022,7,29,19:58:47
38,2022-07-30T03:50:30Z,Bongo Net,deploy,L2,B2,41.029067,-70.884167,2nd Bongo. After CTD EN687_002.,EN687,2022-07-30,2022,7,30,03:50:30
39,2022-07-30T04:08:00Z,Bongo Net,recover,L2,B2,41.020433,-70.884317,2nd Bongo. After CTD EN687_002.,EN687,2022-07-30,2022,7,30,04:08:00
43,2022-07-30T12:15:54Z,Bongo Net,deploy,L4,B5,40.7069,-70.887767,3rd Bongo. After CTD EN687_005.,EN687,2022-07-30,2022,7,30,12:15:54
204,2022-07-30T12:29:00Z,Bongo Net,recover,L4,B5,40.710533,-70.88525,3rd Bongo. After CTD EN687_005.,EN687,2022-07-30,2022,7,30,12:29:00
49,2022-07-30T14:38:00Z,Bongo Net,deploy,L5,B6,40.52055,-70.900933,4th Bongo. After CTD EN687_006.,EN687,2022-07-30,2022,7,30,14:38:00
205,2022-07-30T14:53:00Z,Bongo Net,recover,L5,B6,40.526167,-70.906183,4th Bongo. After CTD EN687_006.,EN687,2022-07-30,2022,7,30,14:53:00
86,2022-07-31T07:25:29Z,Bongo Net,deploy,L10,B7,39.920483,-70.913983,5th Bongo. After CTD EN687_007.,EN687,2022-07-31,2022,7,31,07:25:29
102,2022-07-31T07:55:01Z,Bongo Net,recover,L10,B7,39.926433,-70.934717,5th Bongo. After CTD EN687_007.,EN687,2022-07-31,2022,7,31,07:55:01
103,2022-07-31T16:53:19Z,Bongo Net,deploy,L11,B10,39.783967,-70.892183,6th Bongo. After CTD EN687_010.,EN687,2022-07-31,2022,7,31,16:53:19
110,2022-07-31T17:25:00Z,Bongo Net,recover,L11,B10,39.774133,-70.8836,6th Bongo. After CTD EN687_010.,EN687,2022-07-31,2022,7,31,17:25:00
139,2022-08-01T08:26:47Z,Bongo Net,deploy,L9,B13,40.092383,-70.874983,7th Bongo. After CTD EN687_013.,EN687,2022-08-01,2022,8,1,08:26:47
142,2022-08-01T08:41:09Z,Bongo Net,recover,L9,B13,40.090733,-70.8654,7th Bongo. After CTD EN687_013.,EN687,2022-08-01,2022,8,1,08:41:09
150,2022-08-01T13:59:37Z,Bongo Net,deploy,L8,B16,40.14725,-70.774867,8th Bongo. After CTD EN687_016.,EN687,2022-08-01,2022,8,1,13:59:37
155,2022-08-01T14:14:45Z,Bongo Net,recover,L8,B16,40.152333,-70.777,8th Bongo. After CTD EN687_016. Hit bottom. Processed as usual.,EN687,2022-08-01,2022,8,1,14:14:45
162,2022-08-02T03:59:31Z,Bongo Net,deploy,L6,B18,40.35605,-70.8748,9th Bongo. After CTD EN687_018.,EN687,2022-08-02,2022,8,2,03:59:31
163,2022-08-02T04:13:29Z,Bongo Net,recover,L6,B18,40.349633,-70.877267,9th Bongo. After CTD EN687_018.,EN687,2022-08-02,2022,8,2,04:13:29
172,2022-08-02T11:35:47Z,Bongo Net,deploy,L7,B21,40.227383,-70.869233,10th Bongo. After CTD EN687_021.,EN687,2022-08-02,2022,8,2,11:35:47
176,2022-08-02T11:49:18Z,Bongo Net,recover,L7,B21,40.226767,-70.862467,10th Bongo. After CTD EN687_021.,EN687,2022-08-02,2022,8,2,11:49:18
197,2022-08-02T21:42:11Z,Bongo Net,deploy,L3,B22,40.8578,-70.871067,11th Bongo. After CTD EN687_022.,EN687,2022-08-02,2022,8,2,21:42:11
200,2022-08-02T21:48:29Z,Bongo Net,recover,L3,B22,40.854883,-70.869583,11th Bongo. After CTD EN687_022.,EN687,2022-08-02,2022,8,2,21:48:29
240,2022-08-03T08:16:33Z,Bongo Net,deploy,MVCO,B26,41.316667,-70.57715,12th Bongo. After CTD EN687_026.,EN687,2022-08-03,2022,8,3,08:16:33
241,2022-08-03T08:19:33Z,Bongo Net,recover,MVCO,B26,41.31555,-70.5786,12th Bongo. After CTD EN687_026.,EN687,2022-08-03,2022,8,3,08:19:33
19,2023-01-11T20:35:44Z,Bongo Net,deploy,L1,B1,41.194767,-70.884133,NA,EN695,2023-01-11,2023,1,11,20:35:44
158,2023-01-11T20:42:27Z,Bongo Net,recover,L1,B1,41.191733,-70.883983,NA,EN695,2023-01-11,2023,1,11,20:42:27
28,2023-01-12T04:04:56Z,Bongo Net,deploy,L6,B2,40.372517,-70.8879,NA,EN695,2023-01-12,2023,1,12,04:04:56
159,2023-01-12T04:22:00Z,Bongo Net,recover,L6,B2,40.360517,-70.883367,NA,EN695,2023-01-12,2023,1,12,04:22:00
36,2023-01-12T07:33:54Z,Bongo Net,deploy,L9,B3,40.050083,-70.879033,NA,EN695,2023-01-12,2023,1,12,07:33:54
160,2023-01-12T07:46:12Z,Bongo Net,recover,L9,B3,40.045783,-70.880267,NA,EN695,2023-01-12,2023,1,12,07:46:12
40,2023-01-12T10:20:16Z,Bongo Net,deploy,L10,B4,39.944067,-70.8827,NA,EN695,2023-01-12,2023,1,12,10:20:16
161,2023-01-12T10:35:30Z,Bongo Net,recover,L10,B4,39.9506,-70.885183,NA,EN695,2023-01-12,2023,1,12,10:35:30
44,2023-01-12T13:12:01Z,Bongo Net,deploy,L11,B5,39.784817,-70.882883,NA,EN695,2023-01-12,2023,1,12,13:12:01
162,2023-01-12T13:16:06Z,Bongo Net,recover,L11,B5,39.784983,-70.881367,NA,EN695,2023-01-12,2023,1,12,13:16:06
56,2023-01-12T20:59:57Z,Bongo Net,deploy,L8,B6,40.151167,-70.868717,NA,EN695,2023-01-12,2023,1,12,20:59:57
163,2023-01-12T21:14:58Z,Bongo Net,recover,L8,B6,40.14925,-70.859717,NA,EN695,2023-01-12,2023,1,12,21:14:58
60,2023-01-12T23:19:52Z,Bongo Net,deploy,L7,B7,40.259133,-70.873283,NA,EN695,2023-01-12,2023,1,12,23:19:52
164,2023-01-12T23:27:47Z,Bongo Net,recover,L7,B7,40.258533,-70.87005,NA,EN695,2023-01-12,2023,1,12,23:27:47
65,2023-01-13T02:22:47Z,Bongo Net,deploy,L5,B8,40.512783,-70.884033,NA,EN695,2023-01-13,2023,1,13,02:22:47
165,2023-01-13T02:31:31Z,Bongo Net,recover,L5,B8,40.51215,-70.881467,NA,EN695,2023-01-13,2023,1,13,02:31:31
67,2023-01-13T04:44:21Z,Bongo Net,deploy,L4,B9,40.695517,-70.879967,NA,EN695,2023-01-13,2023,1,13,04:44:21
166,2023-01-13T04:49:13Z,Bongo Net,recover,L4,B9,40.694217,-70.87815,TDR not started before deployment,EN695,2023-01-13,2023,1,13,04:49:13
76,2023-01-13T07:25:00Z,Bongo Net,deploy,L3,B10,40.8608,-70.878617,NA,EN695,2023-01-13,2023,1,13,07:25:00
167,2023-01-13T07:29:44Z,Bongo Net,recover,L3,B10,40.85945,-70.8778,NA,EN695,2023-01-13,2023,1,13,07:29:44
92,2023-01-13T10:46:29Z,Bongo Net,deploy,L2,B11,41.014267,-70.882333,NA,EN695,2023-01-13,2023,1,13,10:46:29
168,2023-01-13T10:51:10Z,Bongo Net,recover,L2,B11,41.0129,-70.883883,NA,EN695,2023-01-13,2023,1,13,10:51:10
121,2023-01-14T21:08:06Z,Bongo Net,deploy,MVCO,B16,41.30555,-70.583333,NA,EN695,2023-01-14,2023,1,14,21:08:06
169,2023-01-14T21:12:17Z,Bongo Net,recover,MVCO,B16,41.30545,-70.585617,NA,EN695,2023-01-14,2023,1,14,21:12:17
6,2023-04-29T11:57:00Z,Bongo Net,deploy,MVCO,B1,41.320367,-70.579095,NA,HRS2303,2023-04-29,2023,4,29,11:57:00
7,2023-04-29T12:01:00Z,Bongo Net,recover,MVCO,B1,41.31909,-70.577403,NA,HRS2303,2023-04-29,2023,4,29,12:01:00
47,2023-05-02T20:23:00Z,Bongo Net,deploy,L1,B2,41.199542,-70.883868,NA,HRS2303,2023-05-02,2023,5,2,20:23:00
48,2023-05-02T20:29:00Z,Bongo Net,recover,L1,B2,41.197212,-70.884832,NA,HRS2303,2023-05-02,2023,5,2,20:29:00
55,2023-05-03T04:50:00Z,Bongo Net,deploy,L5,B3,40.514928,-70.88156,NA,HRS2303,2023-05-03,2023,5,3,04:50:00
54,2023-05-03T04:58:00Z,Bongo Net,recover,L5,B3,40.504672,-70.884727,NA,HRS2303,2023-05-03,2023,5,3,04:58:00
58,2023-05-03T09:11:49Z,Bongo Net,deploy,L7,B4,40.25838,-70.886968,NA,HRS2303,2023-05-03,2023,5,3,09:11:49
59,2023-05-03T09:21:00Z,Bongo Net,recover,L7,B4,40.255712,-70.891665,NA,HRS2303,2023-05-03,2023,5,3,09:21:00
60,2023-05-03T11:37:20Z,Bongo Net,deploy,L8,B5,40.152095,-70.8803,NA,HRS2303,2023-05-03,2023,5,3,11:37:20
61,2023-05-03T11:52:58Z,Bongo Net,recover,L8,B5,40.149103,-70.888502,NA,HRS2303,2023-05-03,2023,5,3,11:52:58
63,2023-05-03T14:05:00Z,Bongo Net,deploy,L9,B6,40.047027,-70.881877,NA,HRS2303,2023-05-03,2023,5,3,14:05:00
64,2023-05-03T14:36:00Z,Bongo Net,recover,L9,B6,40.034065,-70.895923,NA,HRS2303,2023-05-03,2023,5,3,14:36:00
67,2023-05-03T19:35:00Z,Bongo Net,deploy,L10,B7,39.94671,-70.883635,NA,HRS2303,2023-05-03,2023,5,3,19:35:00
68,2023-05-03T19:55:00Z,Bongo Net,recover,L10,B7,39.927017,-70.885992,NA,HRS2303,2023-05-03,2023,5,3,19:55:00
73,2023-05-04T00:23:59Z,Bongo Net,deploy,L11,B8,39.766827,-70.889727,NA,HRS2303,2023-05-04,2023,5,4,00:23:59
74,2023-05-04T00:41:00Z,Bongo Net,recover,L11,B8,39.77898,-70.87754,NA,HRS2303,2023-05-04,2023,5,4,00:41:00
97,2023-05-04T14:29:18Z,Bongo Net,deploy,L6,B9,40.365737,-70.882988,NA,HRS2303,2023-05-04,2023,5,4,14:29:18
98,2023-05-04T14:40:00Z,Bongo Net,recover,L6,B9,40.370293,-70.878892,NA,HRS2303,2023-05-04,2023,5,4,14:40:00
101,2023-05-04T19:16:19Z,Bongo Net,deploy,L4,B10,40.694782,-70.888232,NA,HRS2303,2023-05-04,2023,5,4,19:16:19
102,2023-05-04T19:23:00Z,Bongo Net,recover,L4,B10,40.694352,-70.89399,NA,HRS2303,2023-05-04,2023,5,4,19:23:00
105,2023-05-04T23:23:36Z,Bongo Net,deploy,L3,B11,40.865677,-70.88375,NA,HRS2303,2023-05-04,2023,5,4,23:23:36
106,2023-05-04T23:33:34Z,Bongo Net,recover,L3,B11,40.857547,-70.890505,NA,HRS2303,2023-05-04,2023,5,4,23:33:34
108,2023-05-05T02:12:31Z,Bongo Net,deploy,L2,B12,41.029818,-70.883513,NA,HRS2303,2023-05-05,2023,5,5,02:12:31
111,2023-05-05T02:17:00Z,Bongo Net,recover,L2,B12,41.028042,-70.883852,NA,HRS2303,2023-05-05,2023,5,5,02:17:00
15,2023-08-07T18:07:32Z,Bongo Net,deploy,L1,B1,41.197483,-70.867267,1st bongo deployment,EN706,2023-08-07,2023,8,7,18:07:32
16,2023-08-07T18:13:05Z,Bongo Net,recover,L1,B1,41.197333,-70.864317,NA,EN706,2023-08-07,2023,8,7,18:13:05
24,2023-08-08T07:06:30Z,Bongo Net,deploy,L2,B2,41.027933,-70.873767,2nd Bongo for the cruise. SBE19 ~1m above Bongo. small ring net ~2m above Bongo.,EN706,2023-08-08,2023,8,8,07:06:30
91,2023-08-08T07:15:00Z,Bongo Net,recover,L2,B2,41.024117,-70.87325,NA,EN706,2023-08-08,2023,8,8,07:15:00
34,2023-08-08T16:19:50Z,Bongo Net,deploy,L4,B5,40.685533,-70.879317,3rd bongo,EN706,2023-08-08,2023,8,8,16:19:50
35,2023-08-08T16:34:41Z,Bongo Net,recover,L4,B5,40.680583,-70.884033,NA,EN706,2023-08-08,2023,8,8,16:34:41
45,2023-08-08T21:21:10Z,Bongo Net,deploy,L5,B6,40.501867,-70.883583,4th bongo. had to re-deploy to write down flowmeter values,EN706,2023-08-08,2023,8,8,21:21:10
46,2023-08-08T21:35:10Z,Bongo Net,recover,L5,B6,40.496317,-70.885567,NA,EN706,2023-08-08,2023,8,8,21:35:10
60,2023-08-09T18:53:18Z,Bongo Net,deploy,L11,B9,39.77635,-70.8819,5th bongo,EN706,2023-08-09,2023,8,9,18:53:18
77,2023-08-09T19:23:35Z,Bongo Net,recover,L11,B9,39.77655,-70.897133,NA,EN706,2023-08-09,2023,8,9,19:23:35
88,2023-08-10T00:45:00Z,Bongo Net,deploy,L10,B10,39.926083,-70.894467,6th bongo,EN706,2023-08-10,2023,8,10,00:45:00
89,2023-08-10T01:31:00Z,Bongo Net,recover,L10,B10,39.912167,-70.905633,NA,EN706,2023-08-10,2023,8,10,01:31:00
96,2023-08-10T08:24:56Z,Bongo Net,deploy,L9,B13,40.04395,-70.890017,7th Bongo,EN706,2023-08-10,2023,8,10,08:24:56
97,2023-08-10T08:49:58Z,Bongo Net,recover,L9,B13,40.039,-70.8998,NA,EN706,2023-08-10,2023,8,10,08:49:58
172,2023-08-10T22:32:54Z,Bongo Net,deploy,L7,B14,40.25595,-70.880717,8th bongo,EN706,2023-08-10,2023,8,10,22:32:54
173,2023-08-10T22:45:13Z,Bongo Net,recover,L7,B14,40.252717,-70.876533,NA,EN706,2023-08-10,2023,8,10,22:45:13
178,2023-08-11T00:43:04Z,Bongo Net,deploy,L8,B15,40.13475,-70.870317,9th bongo,EN706,2023-08-11,2023,8,11,00:43:04
179,2023-08-11T01:00:00Z,Bongo Net,recover,L8,B15,40.122133,-70.8603,NA,EN706,2023-08-11,2023,8,11,01:00:00
186,2023-08-11T09:25:34Z,Bongo Net,deploy,L6,B19,40.363783,-70.883983,10th bongo,EN706,2023-08-11,2023,8,11,09:25:34
187,2023-08-11T09:38:40Z,Bongo Net,recover,L6,B19,40.363883,-70.892533,NA,EN706,2023-08-11,2023,8,11,09:38:40
210,2023-08-11T21:12:03Z,Bongo Net,deploy,L3,B20,40.858633,-70.878817,11th bongo,EN706,2023-08-11,2023,8,11,21:12:03
212,2023-08-11T21:23:19Z,Bongo Net,recover,L3,B20,40.855708,-70.88549,NA,EN706,2023-08-11,2023,8,11,21:23:19
259,2023-08-12T08:38:20Z,Bongo Net,deploy,MVCO,B24,41.310967,-70.580483,12th bongo,EN706,2023-08-12,2023,8,12,08:38:20
260,2023-08-12T08:43:35Z,Bongo Net,recover,MVCO,B24,41.309017,-70.579167,NA,EN706,2023-08-12,2023,8,12,08:43:35
12,2023-10-11T16:28:57Z,Bongo Net,deploy,L1,B1,41.193814,-70.877714,NA,AR77,2023-10-11,2023,10,11,16:28:57
13,2023-10-11T16:30:00Z,Bongo Net,recover,L1,B1,41.193416,-70.877934,NA,AR77,2023-10-11,2023,10,11,16:30:00
15,2023-10-12T02:38:28Z,Bongo Net,abort,L2,B2,41.033617,-70.884455,Winch problem during the recovery of the bongo,AR77,2023-10-12,2023,10,12,02:38:28
17,2023-10-12T02:50:00Z,Bongo Net,abort,L2,B2,41.038505,-70.884814,winch hydraulics shutdown midtow revoer to rinse and redeploy,AR77,2023-10-12,2023,10,12,02:50:00
18,2023-10-12T03:06:00Z,Bongo Net,deploy,L2,B2,41.043148,-70.885221,NA,AR77,2023-10-12,2023,10,12,03:06:00
19,2023-10-12T03:15:00Z,Bongo Net,recover,L2,B2,41.046696,-70.885536,NA,AR77,2023-10-12,2023,10,12,03:15:00
29,2023-10-12T12:05:46Z,Bongo Net,deploy,L5,B5,40.510927,-70.881559,NA,AR77,2023-10-12,2023,10,12,12:05:46
30,2023-10-12T12:13:03Z,Bongo Net,recover,L5,B5,40.508051,-70.880089,NA,AR77,2023-10-12,2023,10,12,12:13:03
41,2023-10-13T03:27:00Z,Bongo Net,deploy,L10,B6,39.940604,-70.885233,NA,AR77,2023-10-13,2023,10,13,03:27:00
42,2023-10-13T03:48:00Z,Bongo Net,recover,L10,B6,39.93937,-70.881097,NA,AR77,2023-10-13,2023,10,13,03:48:00
97,2023-10-13T10:19:21Z,Bongo Net,deploy,L11,B8,39.77348,-70.884975,NA,AR77,2023-10-13,2023,10,13,10:19:21
98,2023-10-13T10:35:41Z,Bongo Net,recover,L11,B8,39.778047,-70.887011,NA,AR77,2023-10-13,2023,10,13,10:35:41
67,2023-10-13T20:36:00Z,Bongo Net,deploy,L6,B10,40.36286,-70.88409,NA,AR77,2023-10-13,2023,10,13,20:36:00
68,2023-10-13T20:45:00Z,Bongo Net,recover,L6,B10,40.363574,-70.888337,NA,AR77,2023-10-13,2023,10,13,20:45:00
75,2023-10-14T02:14:00Z,Bongo Net,deploy,L9,B13,40.028848000000004,-70.883986,NA,AR77,2023-10-14,2023,10,14,02:14:00
76,2023-10-14T02:40:00Z,Bongo Net,recover,L9,B13,40.034118,-70.886035,NA,AR77,2023-10-14,2023,10,14,02:40:00
99,2023-10-14T08:13:38Z,Bongo Net,deploy,L8,B16,40.152672,-70.885548,NA,AR77,2023-10-14,2023,10,14,08:13:38
100,2023-10-14T08:29:45Z,Bongo Net,recover,L8,B16,40.157135,-70.887036,NA,AR77,2023-10-14,2023,10,14,08:29:45
101,2023-10-14T10:34:42Z,Bongo Net,deploy,L7,B17,40.257948,-70.884585,NA,AR77,2023-10-14,2023,10,14,10:34:42
102,2023-10-14T10:46:27Z,Bongo Net,recover,L7,B17,40.260889,-70.887208,NA,AR77,2023-10-14,2023,10,14,10:46:27
109,2023-10-14T21:16:00Z,Bongo Net,deploy,L3,B18,40.862521,-70.884632,NA,AR77,2023-10-14,2023,10,14,21:16:00
110,2023-10-14T21:21:22Z,Bongo Net,recover,L3,B18,40.862027,-70.887199,NA,AR77,2023-10-14,2023,10,14,21:21:22
112,2023-10-14T22:42:00Z,Bongo Net,deploy,L4,B19,40.693894,-70.88438,NA,AR77,2023-10-14,2023,10,14,22:42:00
113,2023-10-14T22:49:00Z,Bongo Net,recover,L4,B19,40.696724,-70.884115,NA,AR77,2023-10-14,2023,10,14,22:49:00
153,2023-10-16T09:10:43Z,Bongo Net,deploy,MVCO,B35,41.325311,-70.578587,issue with winch wire reading,AR77,2023-10-16,2023,10,16,09:10:43
154,2023-10-16T09:17:17Z,Bongo Net,recover,MVCO,B35,41.32713,-70.580966,NA,AR77,2023-10-16,2023,10,16,09:17:17
25,2024-02-09T19:15:27Z,Bongo Net,deploy,L1,B1,41.19125,-70.884853,NA,EN712,2024-02-09,2024,2,9,19:15:27
26,2024-02-09T19:21:10Z,Bongo Net,recover,L1,B1,41.189648,-70.883165,1st Bongo. Winch zeroed with weight and bongo below the surface. SV of 1500 m/s = depth 22m. Target depth 17m. TDR showed 15m. Max payout 18m. Wire angle ~35 deg. 20m/min down and 6m/min up,EN712,2024-02-09,2024,2,9,19:21:10
41,2024-02-10T04:47:02Z,Bongo Net,deploy,L5,B2,40.51013,-70.882255,NA,EN712,2024-02-10,2024,2,10,04:47:02
42,2024-02-10T05:06:52Z,Bongo Net,recover,L5,B2,40.506782,-70.87381,2nd Bongo. Winch zeroed with weight and bongo below the surface. SV of 1500 m/s = depth 78m. Target depth 73m. TDR showed 71.4m. Max payout 89m. Wire angle ~35 deg. 30m/min down and 6m/min up,EN712,2024-02-10,2024,2,10,05:06:52
53,2024-02-10T12:30:24Z,Bongo Net,deploy,L7,B6,40.253,-70.87984,NA,EN712,2024-02-10,2024,2,10,12:30:24
71,2024-02-10T12:44:05Z,Bongo Net,recover,L7,B6,40.248205,-70.877457,4th Bongo. Winch zeroed with weight and bongo at the surface. SV of 1500 m/s = depth 123m. Target depth 118m. TDR showed 100m. Max payout 131m. Wire angle ~30 deg. 20m/min down and 20m/min up,EN712,2024-02-10,2024,2,10,12:44:05
84,2024-02-11T04:35:00Z,Bongo Net,deploy,L10,B7,39.92963,-70.890078,NA,EN712,2024-02-11,2024,2,11,04:35:00
85,2024-02-11T05:00:00Z,Bongo Net,recover,L10,B7,39.921403,-70.900237,5th Bongo. Winch zeroed with weight and bongo at the surface. SV of 1500 m/s = depth 463m. Target depth 200m. TDR showed 183.5m. Max payout 244m. Wire angle ~35 deg. 30-24-30m/min down and 18m/min up,EN712,2024-02-11,2024,2,11,05:00:00
93,2024-02-11T11:09:12Z,Bongo Net,deploy,L11,B10,39.750732,-70.909177,NA,EN712,2024-02-11,2024,2,11,11:09:12
98,2024-02-11T11:42:48Z,Bongo Net,recover,L11,B10,39.737365,-70.933807,6th Bongo. Winch zeroed with weight and bongo at surface. L11 CTD avg SV of 1494 m/s = depth 1728m. SV of 1500 m/s = depth 1736m. Target depth 200m. TDR showed 195m. Target payout 311m. Wire angle at max payout ~50-55 deg. 20m/min down and up,EN712,2024-02-11,2024,2,11,11:42:48
125,2024-02-11T22:43:58Z,Bongo Net,deploy,L9,B11,40.041692,-70.903232,NA,EN712,2024-02-11,2024,2,11,22:43:58
126,2024-02-11T23:03:03Z,Bongo Net,recover,L9,B11,40.045192,-70.912248,7th Bongo. Winch zeroed with weight and bongo at surface. L9 CTD avg SV of #### m/s = depth ###m. SV of 1500 m/s = depth 213m. Target depth 200m. TDR showed 207m. Max payout 261m. Wire angle 40 deg at max payout. 30m/min down and 20m/min up,EN712,2024-02-11,2024,2,11,23:03:03
130,2024-02-12T02:32:55Z,Bongo Net,deploy,L8,B12,40.160613,-70.907795,NA,EN712,2024-02-12,2024,2,12,02:32:55
131,2024-02-12T02:45:11Z,Bongo Net,recover,L8,B12,40.162952,-70.915228,8th Bongo. Winch zeroed with weight and bongo at surface. L8 CTD avg SV of #### m/s = depth ###m. SV of 1500 m/s = depth 140m. Target depth 135m. TDR did not record. Max payout 149m. Wire angle 25 deg at max payout. 30m/min down and 20m/min up,EN712,2024-02-12,2024,2,12,02:45:11
139,2024-02-12T09:21:05Z,Bongo Net,deploy,L4,B15,40.694635,-70.89363,NA,EN712,2024-02-12,2024,2,12,09:21:05
140,2024-02-12T09:29:22Z,Bongo Net,recover,L4,B15,40.693377,-70.89877,9th Bongo. Winch zeroed with weight and bongo at surface. L4 CTD avg SV  of #### m/s = depth ###m. SV of 1500 m/s = depth 64m. Target depth 58m. TDR showed 52m. Max payout 67m. Wire angle 30 deg at max payout. ##m/min down and ##m/min up,EN712,2024-02-12,2024,2,12,09:29:22
195,2024-02-13T03:15:34Z,Bongo Net,deploy,L3,B16,40.864362,-70.891777,NA,EN712,2024-02-13,2024,2,13,03:15:34
196,2024-02-13T03:22:00Z,Bongo Net,recover,L3,B16,40.863725,-70.895633,10th Bongo. Winch zeroed with weight and bongo at surface. L3 CTD avg SV of #### m/s = depth ###m. SV of 1500 m/s = depth 55m. Target depth 50m. TDR did not record. Max payout 67m. Wire angle 35 deg at max payout. 30m/min down and 17m/min up,EN712,2024-02-13,2024,2,13,03:22:00
203,2024-02-13T05:11:00Z,Bongo Net,deploy,L2,B17,41.026148,-70.887092,NA,EN712,2024-02-13,2024,2,13,05:11:00
204,2024-02-13T05:17:00Z,Bongo Net,recover,L2,B17,41.024653,-70.888823,11th Bongo. Winch zeroed with weight and bongo at surface. L2 CTD avg SV of #### m/s = depth ##m. SV of 1500 m/s = depth 22m. Target depth 17m. TDR showed 15m. Max payout 18m. Wire angle ~35 deg. 20m/min down and 6m/min up,EN712,2024-02-13,2024,2,13,05:17:00
220,2024-02-13T12:08:56Z,Bongo Net,deploy,MVCO,B20,41.312652,-70.579115,NA,EN712,2024-02-13,2024,2,13,12:08:56
221,2024-02-13T12:12:57Z,Bongo Net,recover,MVCO,B20,41.314282,-70.580898,12th Bongo. Winch zeroed with weight and bongo at surface. CTD avg SV of 1462 m/s = depth 19m. SV of 1500 m/s = depth 20-21m. Target depth 14m. TDR showed 8m. Target payout 17m. Wire angle ~35 deg at max payout. 17m/min down and 5m/min up. Freshwater rinsed with hose then snow and rain,EN712,2024-02-13,2024,2,13,12:12:57
23,2024-05-03T18:14:30Z,Bongo Net,deploy,L1,B1,41.207722,-70.891577,There was miss communication with the winch. We wanted wire out to be 26m but the winch only went to 22m wire out.,EN715,2024-05-03,2024,5,3,18:14:30
24,2024-05-03T18:20:20Z,Bongo Net,recover,L1,B1,41.209613,-70.889133,NA,EN715,2024-05-03,2024,5,3,18:20:20
39,2024-05-04T04:25:07Z,Bongo Net,deploy,L2,B2,41.037203,-70.885152,The ring net got tangled at deployment so we had to pull the nets out of water to fixt it. This took about 5 minutes.,EN715,2024-05-04,2024,5,4,04:25:07
40,2024-05-04T04:38:11Z,Bongo Net,recover,L2,B2,41.0417,-70.88667,NA,EN715,2024-05-04,2024,5,4,04:38:11
61,2024-05-04T10:18:36Z,Bongo Net,deploy,L4,B5,40.697655,-70.883973,NA,EN715,2024-05-04,2024,5,4,10:18:36
62,2024-05-04T10:25:44Z,Bongo Net,recover,L4,B5,40.69914,-70.88633,NA,EN715,2024-05-04,2024,5,4,10:25:44
65,2024-05-04T15:23:27Z,Bongo Net,other,L5,B6,40.519902,-70.884757,Bongo hit bottom on first deployment so we had to do bongo again,EN715,2024-05-04,2024,5,4,15:23:27
63,2024-05-04T15:44:25Z,Bongo Net,deploy,L5,B6,40.526188,-70.886235,NA,EN715,2024-05-04,2024,5,4,15:44:25
64,2024-05-04T15:54:16Z,Bongo Net,recover,L5,B6,40.529418,-70.88765,NA,EN715,2024-05-04,2024,5,4,15:54:16
95,2024-05-05T08:19:40Z,Bongo Net,deploy,L10,B7,39.941808,-70.882453,NA,EN715,2024-05-05,2024,5,5,08:19:40
96,2024-05-05T08:46:48Z,Bongo Net,recover,L10,B7,39.951265,-70.873307,NA,EN715,2024-05-05,2024,5,5,08:46:48
108,2024-05-05T13:26:36Z,Bongo Net,deploy,L11,B10,39.775032,-70.882598,NA,EN715,2024-05-05,2024,5,5,13:26:36
109,2024-05-05T13:50:02Z,Bongo Net,recover,L11,B10,39.779293,-70.874388,NA,EN715,2024-05-05,2024,5,5,13:50:02
150,2024-05-06T04:40:00Z,Bongo Net,other,L6,B13,40.365673,-70.882792,Bongo hit bottom on first deployment so we had to do bongo again. Flowmeter includes start of 1st deployment until end of 2nd deployment.,EN715,2024-05-06,2024,5,6,04:40:00
148,2024-05-06T05:13:06Z,Bongo Net,deploy,L6,B13,40.366803,-70.867563,NA,EN715,2024-05-06,2024,5,6,05:13:06
149,2024-05-06T05:26:23Z,Bongo Net,recover,L6,B13,40.365817,-70.860652,Flowmeter includes start of 1st deployment until end of 2nd deployment,EN715,2024-05-06,2024,5,6,05:26:23
151,2024-05-06T07:21:14Z,Bongo Net,other,L8,B14,40.149022,-70.884008,Bongo hit bottom on first deployment so we had to do bongo again,EN715,2024-05-06,2024,5,6,07:21:14
155,2024-05-06T07:55:52Z,Bongo Net,deploy,L8,B14,40.1426,-70.874035,NA,EN715,2024-05-06,2024,5,6,07:55:52
156,2024-05-06T08:07:27Z,Bongo Net,recover,L8,B14,40.14163,-70.870595,NA,EN715,2024-05-06,2024,5,6,08:07:27
170,2024-05-06T19:45:38Z,Bongo Net,deploy,L3,B15,40.876593,-70.891842,Our target depth was 10m above the bottom depth instead of the usual 5m above the bottom. There was very little sample for 100um size fraction.,EN715,2024-05-06,2024,5,6,19:45:38
171,2024-05-06T19:52:05Z,Bongo Net,recover,L3,B15,40.874202,-70.890653,NA,EN715,2024-05-06,2024,5,6,19:52:05
217,2024-05-07T06:30:54Z,Bongo Net,deploy,L9,B18,40.042785,-70.882767,Our target depth was 10m above the bottom depth instead of the usual 5m above the bottom.,EN715,2024-05-07,2024,5,7,06:30:54
218,2024-05-07T07:02:45Z,Bongo Net,recover,L9,B18,40.057417,-70.882595,NA,EN715,2024-05-07,2024,5,7,07:02:45
219,2024-05-07T09:15:11Z,Bongo Net,deploy,L7,B19,40.25612,-70.8792,We went back to our usual target depth of 5m above the bottom.,EN715,2024-05-07,2024,5,7,09:15:11
220,2024-05-07T09:27:10Z,Bongo Net,recover,L7,B19,40.255197,-70.875025,NA,EN715,2024-05-07,2024,5,7,09:27:10
244,2024-05-08T05:11:06Z,Bongo Net,deploy,MVCO,B23,41.31566,-70.579293,NA,EN715,2024-05-08,2024,5,8,05:11:06
246,2024-05-08T05:14:30Z,Bongo Net,recover,MVCO,B23,41.314563,-70.577227,NA,EN715,2024-05-08,2024,5,8,05:14:30
17,2024-09-06T19:23:20Z,Bongo Net,deploy,L1,B2,41.196602,-70.880945,NA,EN720,2024-09-06,2024,9,6,19:23:20
20,2024-09-06T19:30:58Z,Bongo Net,recover,L1,B2,41.20067,-70.882368,NA,EN720,2024-09-06,2024,9,6,19:30:58
35,2024-09-07T02:36:36Z,Bongo Net,deploy,L2,B3,41.039838,-70.88261,NA,EN720,2024-09-07,2024,9,7,02:36:36
36,2024-09-07T02:44:14Z,Bongo Net,recover,L2,B3,41.043612,-70.883568,NA,EN720,2024-09-07,2024,9,7,02:44:14
52,2024-09-07T09:50:36Z,Bongo Net,deploy,L4,B6,40.695798,-70.885415,NA,EN720,2024-09-07,2024,9,7,09:50:36
55,2024-09-07T10:01:42Z,Bongo Net,recover,L4,B6,40.696927,-70.895537,NA,EN720,2024-09-07,2024,9,7,10:01:42
61,2024-09-07T17:46:25Z,Bongo Net,deploy,L5,B7,40.511802,-70.886245,NA,EN720,2024-09-07,2024,9,7,17:46:25
62,2024-09-07T17:55:29Z,Bongo Net,recover,L5,B7,40.516832,-70.887197,NA,EN720,2024-09-07,2024,9,7,17:55:29
94,2024-09-08T06:01:44Z,Bongo Net,deploy,L10,B8,39.941188,-70.899967,added elog entry later - fixed time,EN720,2024-09-08,2024,9,8,06:01:44
95,2024-09-08T06:36:02Z,Bongo Net,recover,L10,B8,39.933265,-70.925058,added elog entry later - fixed time,EN720,2024-09-08,2024,9,8,06:36:02
100,2024-09-08T11:58:04Z,Bongo Net,deploy,L11,B11,39.774018,-70.883947,NA,EN720,2024-09-08,2024,9,8,11:58:04
101,2024-09-08T12:28:35Z,Bongo Net,recover,L11,B11,39.77516,-70.914673,NA,EN720,2024-09-08,2024,9,8,12:28:35
151,2024-09-09T04:57:24Z,Bongo Net,deploy,L6,B14,40.361348,-70.888342,NA,EN720,2024-09-09,2024,9,9,04:57:24
152,2024-09-09T05:10:20Z,Bongo Net,recover,L6,B14,40.35674,-70.89736,NA,EN720,2024-09-09,2024,9,9,05:10:20
154,2024-09-09T08:17:36Z,Bongo Net,deploy,L8,B15,40.152877,-70.88908,NA,EN720,2024-09-09,2024,9,9,08:17:36
160,2024-09-09T08:37:24Z,Bongo Net,recover,L8,B15,40.156003,-70.900558,NA,EN720,2024-09-09,2024,9,9,08:37:24
175,2024-09-09T20:59:27Z,Bongo Net,deploy,L7,B16,40.256493,-70.884827,NA,EN720,2024-09-09,2024,9,9,20:59:27
176,2024-09-09T21:15:36Z,Bongo Net,recover,L7,B16,40.247167,-70.887108,NA,EN720,2024-09-09,2024,9,9,21:15:36
209,2024-09-10T07:14:00Z,Bongo Net,deploy,L9,B19,40.030837,-70.883068,NA,EN720,2024-09-10,2024,9,10,07:14:00
210,2024-09-10T07:40:14Z,Bongo Net,recover,L9,B19,40.020245,-70.882823,NA,EN720,2024-09-10,2024,9,10,07:40:14
223,2024-09-10T21:12:03Z,Bongo Net,deploy,L3,B20,40.857203,-70.881698,NA,EN720,2024-09-10,2024,9,10,21:12:03
224,2024-09-10T21:22:53Z,Bongo Net,recover,L3,B20,40.851358,-70.881873,NA,EN720,2024-09-10,2024,9,10,21:22:53
241,2024-09-11T05:53:05Z,Bongo Net,deploy,MVCO,B24,41.315973,-70.585915,NA,EN720,2024-09-11,2024,9,11,05:53:05
242,2024-09-11T05:59:16Z,Bongo Net,recover,MVCO,B24,41.31428,-70.589727,NA,EN720,2024-09-11,2024,9,11,05:59:16
8,2024-11-06T17:09:12Z,Bongo Net,deploy,L1,B1,41.18662,-70.88841,NA,AE2426,2024-11-06,2024,11,6,17:09:12
9,2024-11-06T17:17:08Z,Bongo Net,recover,L1,B1,41.183633,-70.885967,ring net got tangled and ripped during deployment so no sample for part of SIA,AE2426,2024-11-06,2024,11,6,17:17:08
19,2024-11-07T09:20:20Z,Bongo Net,deploy,L2,B4,41.02612,-70.889803,NA,AE2426,2024-11-07,2024,11,7,09:20:20
20,2024-11-07T09:30:29Z,Bongo Net,recover,L2,B4,41.023658,-70.894777,ring net cod end lost during deployment so no ring net sample,AE2426,2024-11-07,2024,11,7,09:30:29
32,2024-11-07T13:43:26Z,Bongo Net,deploy,L5,B5,40.509693,-70.883835,NA,AE2426,2024-11-07,2024,11,7,13:43:26
33,2024-11-07T13:52:37Z,Bongo Net,recover,L5,B5,40.505472,-70.886275,lots of salps in each net only portion of whole sample used for each net,AE2426,2024-11-07,2024,11,7,13:52:37
55,2024-11-08T09:26:49Z,Bongo Net,deploy,L11,B10,39.77389,-70.88047,NA,AE2426,2024-11-08,2024,11,8,09:26:49
56,2024-11-08T09:53:42Z,Bongo Net,recover,L11,B10,39.773852,-70.864075,ring net had a rip in it so no ring net sample,AE2426,2024-11-08,2024,11,8,09:53:42
66,2024-11-08T17:02:31Z,Bongo Net,deploy,L10,B11,39.939677,-70.880175,NA,AE2426,2024-11-08,2024,11,8,17:02:31
67,2024-11-08T17:25:25Z,Bongo Net,recover,L10,B11,39.930762,-70.89104,NA,AE2426,2024-11-08,2024,11,8,17:25:25
76,2024-11-09T01:45:00Z,Bongo Net,deploy,L9,B12,40.050705,-70.89278,NA,AE2426,2024-11-09,2024,11,9,01:45:00
77,2024-11-09T02:12:00Z,Bongo Net,recover,L9,B12,40.055437,-70.909877,NA,AE2426,2024-11-09,2024,11,9,02:12:00
100,2024-11-09T19:12:48Z,Bongo Net,deploy,L8,B13,40.153588,-70.889165,Ring net with 20um broke so no ring net samples,AE2426,2024-11-09,2024,11,9,19:12:48
101,2024-11-09T19:33:21Z,Bongo Net,recover,L8,B13,40.162247,-70.89853,NA,AE2426,2024-11-09,2024,11,9,19:33:21
105,2024-11-10T02:50:11Z,Bongo Net,deploy,L7,B15,40.254212,-70.883678,no ring net samples,AE2426,2024-11-10,2024,11,10,02:50:11
106,2024-11-10T03:15:52Z,Bongo Net,recover,L7,B15,40.2665,-70.88336,NA,AE2426,2024-11-10,2024,11,10,03:15:52
117,2024-11-10T08:44:05Z,Bongo Net,deploy,L6,B17,40.361443,-70.883335,no ring net samples,AE2426,2024-11-10,2024,11,10,08:44:05
118,2024-11-10T09:11:28Z,Bongo Net,recover,L6,B17,40.368295,-70.911952,NA,AE2426,2024-11-10,2024,11,10,09:11:28
133,2024-11-10T13:26:44Z,Bongo Net,deploy,L4,B18,40.695453,-70.886665,no ring net samples,AE2426,2024-11-10,2024,11,10,13:26:44
134,2024-11-10T13:37:52Z,Bongo Net,recover,L4,B18,40.69175,-70.893947,NA,AE2426,2024-11-10,2024,11,10,13:37:52
152,2024-11-11T03:14:27Z,Bongo Net,deploy,L2,B19,41.028823,-70.884993,no ring net samples,AE2426,2024-11-11,2024,11,11,03:14:27
153,2024-11-11T03:23:50Z,Bongo Net,recover,L2,B19,41.025145,-70.890422,NA,AE2426,2024-11-11,2024,11,11,03:23:50
21,2025-01-24T19:40:09Z,Bongo Net,deploy,L1,B1,41.187185,-70.88991,NA,EN727,2025-01-24,2025,1,24,19:40:09
22,2025-01-24T19:44:44Z,Bongo Net,recover,L1,B1,41.186398,-70.892042,NA,EN727,2025-01-24,2025,1,24,19:44:44
27,2025-01-25T04:49:32Z,Bongo Net,deploy,L2,B2,41.029515,-70.893227,NA,EN727,2025-01-25,2025,1,25,04:49:32
28,2025-01-25T04:56:25Z,Bongo Net,recover,L2,B2,41.030543,-70.896968,NA,EN727,2025-01-25,2025,1,25,04:56:25
36,2025-01-25T11:13:49Z,Bongo Net,deploy,L4,B5,40.694527,-70.889352,NA,EN727,2025-01-25,2025,1,25,11:13:49
37,2025-01-25T11:21:57Z,Bongo Net,recover,L4,B5,40.694643,-70.893072,NA,EN727,2025-01-25,2025,1,25,11:21:57
78,2025-01-26T05:01:36Z,Bongo Net,deploy,L11,B6,39.758963,-70.90185,NA,EN727,2025-01-26,2025,1,26,05:01:36
79,2025-01-26T05:29:41Z,Bongo Net,recover,L11,B6,39.74968,-70.911033,NA,EN727,2025-01-26,2025,1,26,05:29:41
92,2025-01-26T12:07:41Z,Bongo Net,deploy,L10,B9,39.926,-70.887362,NA,EN727,2025-01-26,2025,1,26,12:07:41
93,2025-01-26T12:32:50Z,Bongo Net,recover,L10,B9,39.915272,-70.890307,NA,EN727,2025-01-26,2025,1,26,12:32:50
100,2025-01-26T19:27:54Z,Bongo Net,deploy,L8,B10,40.144038,-70.90168,NA,EN727,2025-01-26,2025,1,26,19:27:54
106,2025-01-26T19:50:56Z,Bongo Net,recover,L8,B10,40.133442,-70.912437,NA,EN727,2025-01-26,2025,1,26,19:50:56
107,2025-01-26T21:58:02Z,Bongo Net,deploy,L9,B11,40.040173,-70.910238,NA,EN727,2025-01-26,2025,1,26,21:58:02
109,2025-01-26T22:34:36Z,Bongo Net,recover,L9,B11,40.027525,-70.939693,NA,EN727,2025-01-26,2025,1,26,22:34:36
114,2025-01-27T04:43:44Z,Bongo Net,deploy,L7,B14,40.249742,-70.904918,NA,EN727,2025-01-27,2025,1,27,04:43:44
115,2025-01-27T05:00:52Z,Bongo Net,recover,L7,B14,40.248017,-70.91474,NA,EN727,2025-01-27,2025,1,27,05:00:52
128,2025-01-27T09:28:43Z,Bongo Net,deploy,L6,B17,40.363617,-70.882445,NA,EN727,2025-01-27,2025,1,27,09:28:43
129,2025-01-27T09:41:09Z,Bongo Net,recover,L6,B17,40.359815,-70.88535,NA,EN727,2025-01-27,2025,1,27,09:41:09
138,2025-01-27T20:34:00Z,Bongo Net,deploy,L5,B19,40.503928,-70.894147,NA,EN727,2025-01-27,2025,1,27,20:34:00
139,2025-01-27T20:44:14Z,Bongo Net,recover,L5,B19,40.498573,-70.897528,NA,EN727,2025-01-27,2025,1,27,20:44:14
142,2025-01-28T02:58:07Z,Bongo Net,deploy,L3,B20,40.849697,-70.875462,NA,EN727,2025-01-28,2025,1,28,02:58:07
143,2025-01-28T03:08:00Z,Bongo Net,recover,L3,B20,40.844243,-70.876382,NA,EN727,2025-01-28,2025,1,28,03:08:00
146,2025-01-28T09:24:36Z,Bongo Net,deploy,MVCO,B21,41.304887,-70.573132,NA,EN727,2025-01-28,2025,1,28,09:24:36
147,2025-01-28T09:28:56Z,Bongo Net,recover,MVCO,B21,41.303433,-70.573442,NA,EN727,2025-01-28,2025,1,28,09:28:56
16,2025-04-24T15:43:26Z,Bongo Net,deploy,L1,B1,41.200327,-70.883114,NA,AR88,2025-04-24,2025,4,24,15:43:26
17,2025-04-24T15:54:42Z,Bongo Net,recover,L1,B1,41.20176,-70.876898,NA,AR88,2025-04-24,2025,4,24,15:54:42
30,2025-04-25T04:44:00Z,Bongo Net,deploy,L4,B2,40.69293,-70.884514,NA,AR88,2025-04-25,2025,4,25,04:44:00
31,2025-04-25T04:51:17Z,Bongo Net,recover,L4,B2,40.690101,-70.887583,NA,AR88,2025-04-25,2025,4,25,04:51:17
36,2025-04-25T09:25:27Z,Bongo Net,deploy,L5,B5,40.512359,-70.884129,NA,AR88,2025-04-25,2025,4,25,09:25:27
37,2025-04-25T09:35:52Z,Bongo Net,recover,L5,B5,40.50975,-70.888448,NA,AR88,2025-04-25,2025,4,25,09:35:52
50,2025-04-26T03:05:03Z,Bongo Net,deploy,L10,B6,39.939639,-70.881261,With PX secured to chain between bongo and weight. 80um net bookclamped to wire ~3m above Bongo,AR88,2025-04-26,2025,4,26,03:05:03
52,2025-04-26T03:28:01Z,Bongo Net,recover,L10,B6,39.931865,-70.877751,NA,AR88,2025-04-26,2025,4,26,03:28:01
56,2025-04-26T08:20:00Z,Bongo Net,deploy,L11,B9,39.772343,-70.883496,NA,AR88,2025-04-26,2025,4,26,08:20:00
57,2025-04-26T08:40:00Z,Bongo Net,recover,L11,B9,39.765461,-70.881676,NA,AR88,2025-04-26,2025,4,26,08:40:00
74,2025-04-26T23:45:29Z,Bongo Net,deploy,L6,B10,40.361458,-70.87765,NA,AR88,2025-04-26,2025,4,26,23:45:29
75,2025-04-27T00:00:53Z,Bongo Net,recover,L6,B10,40.356324,-70.880421,NA,AR88,2025-04-27,2025,4,27,00:00:53
88,2025-04-27T09:52:00Z,Bongo Net,deploy,L9,B15,40.043974,-70.884116,NA,AR88,2025-04-27,2025,4,27,09:52:00
89,2025-04-27T10:13:00Z,Bongo Net,recover,L9,B15,40.040662,-70.895658,NA,AR88,2025-04-27,2025,4,27,10:13:00
106,2025-04-28T02:50:15Z,Bongo Net,deploy,L7,B16,40.256634,-70.88576,NA,AR88,2025-04-28,2025,4,28,02:50:15
107,2025-04-28T03:09:30Z,Bongo Net,recover,L7,B16,40.261911,-70.891777,NA,AR88,2025-04-28,2025,4,28,03:09:30
108,2025-04-28T05:15:05Z,Bongo Net,deploy,L8,B17,40.150848,-70.886513,flowmeters spun for about 30 seconds in the air before net went into water,AR88,2025-04-28,2025,4,28,05:15:05
109,2025-04-28T05:31:18Z,Bongo Net,recover,L8,B17,40.154543,-70.894234,NA,AR88,2025-04-28,2025,4,28,05:31:18
124,2025-04-28T23:01:35Z,Bongo Net,deploy,L3,B18,40.865006,-70.885091,NA,AR88,2025-04-28,2025,4,28,23:01:35
130,2025-04-28T23:08:32Z,Bongo Net,recover,L3,B18,40.868787,-70.885058,NA,AR88,2025-04-28,2025,4,28,23:08:32
128,2025-04-29T04:15:16Z,Bongo Net,deploy,L2,B19,41.027081,-70.884338,NA,AR88,2025-04-29,2025,4,29,04:15:16
129,2025-04-29T04:22:05Z,Bongo Net,recover,L2,B19,41.0255,-70.886389,NA,AR88,2025-04-29,2025,4,29,04:22:05
134,2025-04-29T10:32:46Z,Bongo Net,deploy,MVCO,B22,41.321007,-70.567698,NA,AR88,2025-04-29,2025,4,29,10:32:46
135,2025-04-29T10:38:00Z,Bongo Net,recover,MVCO,B22,41.318941,-70.569721,NA,AR88,2025-04-29,2025,4,29,10:38:00
23,2025-08-14T14:44:47Z,Bongo Net,deploy,L1,B1,41.193702,-70.883077,NA,AR92,2025-08-14,2025,8,14,14:44:47
24,2025-08-14T14:50:57Z,Bongo Net,recover,L1,B1,41.191506,-70.883231,NA,AR92,2025-08-14,2025,8,14,14:50:57
30,2025-08-15T01:26:33Z,Bongo Net,deploy,L2,B2,41.036631,-70.880647,NA,AR92,2025-08-15,2025,8,15,01:26:33
31,2025-08-15T01:34:23Z,Bongo Net,recover,L2,B2,41.034411,-70.876698,NA,AR92,2025-08-15,2025,8,15,01:34:23
57,2025-08-15T08:06:53Z,Bongo Net,deploy,L4,B6,40.695193,-70.883857,NA,AR92,2025-08-15,2025,8,15,08:06:53
58,2025-08-15T08:19:55Z,Bongo Net,recover,L4,B6,40.690527,-70.886776,NA,AR92,2025-08-15,2025,8,15,08:19:55
59,2025-08-15T11:45:08Z,Bongo Net,deploy,L5,B7,40.513582,-70.883505,NA,AR92,2025-08-15,2025,8,15,11:45:08
60,2025-08-15T11:53:13Z,Bongo Net,recover,L5,B7,40.515814,-70.88359,NA,AR92,2025-08-15,2025,8,15,11:53:13
85,2025-08-16T05:30:45Z,Bongo Net,deploy,L10,B8,39.947414,-70.883575,NA,AR92,2025-08-16,2025,8,16,05:30:45
86,2025-08-16T06:00:05Z,Bongo Net,recover,L10,B8,39.953109,-70.868332,NA,AR92,2025-08-16,2025,8,16,06:00:05
108,2025-08-16T11:16:11Z,Bongo Net,deploy,L11,B11,39.773602,-70.88261,NA,AR92,2025-08-16,2025,8,16,11:16:11
109,2025-08-16T11:40:55Z,Bongo Net,recover,L11,B11,39.781328,-70.877724,NA,AR92,2025-08-16,2025,8,16,11:40:55
124,2025-08-17T01:45:53Z,Bongo Net,deploy,L6,B12,40.364433,-70.881421,NA,AR92,2025-08-17,2025,8,17,01:45:53
125,2025-08-17T02:02:53Z,Bongo Net,recover,L6,B12,40.359263,-70.872457,NA,AR92,2025-08-17,2025,8,17,02:02:53
134,2025-08-17T10:34:47Z,Bongo Net,deploy,L8,B17,40.150345,-70.883364,NA,AR92,2025-08-17,2025,8,17,10:34:47
135,2025-08-17T10:59:41Z,Bongo Net,recover,L8,B17,40.14055,-70.891235,NA,AR92,2025-08-17,2025,8,17,10:59:41
169,2025-08-18T07:17:35Z,Bongo Net,deploy,L9,B20,40.04246,-70.882758,NA,AR92,2025-08-18,2025,8,18,07:17:35
170,2025-08-18T07:48:26Z,Bongo Net,recover,L9,B20,40.024474,-70.880899,NA,AR92,2025-08-18,2025,8,18,07:48:26
167,2025-08-18T09:37:23Z,Bongo Net,deploy,L7,B21,40.259698,-70.881341,NA,AR92,2025-08-18,2025,8,18,09:37:23
168,2025-08-18T09:54:25Z,Bongo Net,recover,L7,B21,40.266269,-70.87602,NA,AR92,2025-08-18,2025,8,18,09:54:25
240,2025-08-19T01:05:34Z,Bongo Net,deploy,L3,B22,40.862922,-70.880839,NA,AR92,2025-08-19,2025,8,19,01:05:34
241,2025-08-19T01:16:34Z,Bongo Net,recover,L3,B22,40.866252,-70.87516,NA,AR92,2025-08-19,2025,8,19,01:16:34
244,2025-08-19T08:53:00Z,Bongo Net,deploy,MVCO,B26,41.321429,-70.552751,NA,AR92,2025-08-19,2025,8,19,08:53:00
245,2025-08-19T09:09:01Z,Bongo Net,recover,MVCO,B26,41.321467,-70.549631,NA,AR92,2025-08-19,2025,8,19,09:09:01
15,2025-10-18T16:44:08Z,Bongo Net,deploy,L1,B1,41.201566,-70.887092,NA,AR95,2025-10-18,2025,10,18,16:44:08
16,2025-10-18T16:55:44Z,Bongo Net,recover,L1,B1,41.207567,-70.890594,NA,AR95,2025-10-18,2025,10,18,16:55:44
20,2025-10-19T03:23:12Z,Bongo Net,deploy,L2,B2,41.038486,-70.878467,NA,AR95,2025-10-19,2025,10,19,03:23:12
21,2025-10-19T03:32:00Z,Bongo Net,recover,L2,B2,41.038049,-70.872564,NA,AR95,2025-10-19,2025,10,19,03:32:00
30,2025-10-19T10:00:00Z,Bongo Net,deploy,L4,B5,40.695908,-70.883259,lots of salps,AR95,2025-10-19,2025,10,19,10:00:00
31,2025-10-19T10:13:00Z,Bongo Net,recover,L4,B5,40.689096,-70.88292,NA,AR95,2025-10-19,2025,10,19,10:13:00
38,2025-10-19T12:17:42Z,Bongo Net,deploy,L5,B6,40.512482,-70.883311,NA,AR95,2025-10-19,2025,10,19,12:17:42
39,2025-10-19T12:29:38Z,Bongo Net,recover,L5,B6,40.506347,-70.883737,NA,AR95,2025-10-19,2025,10,19,12:29:38
52,2025-10-20T04:55:00Z,Bongo Net,deploy,L10,B7,39.938988,-70.882367,NA,AR95,2025-10-20,2025,10,20,04:55:00
53,2025-10-20T05:20:00Z,Bongo Net,recover,L10,B7,39.932105,-70.872229,NA,AR95,2025-10-20,2025,10,20,05:20:00
61,2025-10-20T10:52:00Z,Bongo Net,deploy,L11,B10,39.773014,-70.885953,NA,AR95,2025-10-20,2025,10,20,10:52:00
62,2025-10-20T11:19:00Z,Bongo Net,recover,L11,B10,39.763962,-70.873548,NA,AR95,2025-10-20,2025,10,20,11:19:00
67,2025-10-20T22:28:00Z,Bongo Net,deploy,L6,B11,40.365542,-70.894674,NA,AR95,2025-10-20,2025,10,20,22:28:00
68,2025-10-20T22:40:00Z,Bongo Net,recover,L6,B11,40.360771,-70.901611,150 um mesh: ripped : didnt process samples,AR95,2025-10-20,2025,10,20,22:40:00
80,2025-10-21T12:54:14Z,Bongo Net,deploy,L9,B16,40.043023,-70.882869,150um net  cod end fell off on deck and we lost part of sample,AR95,2025-10-21,2025,10,21,12:54:14
81,2025-10-21T13:17:46Z,Bongo Net,recover,L9,B16,40.03949,-70.899693,NA,AR95,2025-10-21,2025,10,21,13:17:46
96,2025-10-22T01:59:00Z,Bongo Net,deploy,L8,B17,40.148565,-70.883016,GPS wasn't working,AR95,2025-10-22,2025,10,22,01:59:00
97,2025-10-22T02:28:00Z,Bongo Net,recover,L8,B17,40.126994,-70.880378,"ring net ripped, didnt keep sample",AR95,2025-10-22,2025,10,22,02:28:00
104,2025-10-22T05:49:53Z,Bongo Net,deploy,L7,B18,40.257922,-70.882689,NA,AR95,2025-10-22,2025,10,22,05:49:53
105,2025-10-22T06:06:50Z,Bongo Net,recover,L7,B18,40.24976,-70.879074,NA,AR95,2025-10-22,2025,10,22,06:06:50
134,2025-10-23T01:06:00Z,Bongo Net,deploy,L3,B19,40.861853,-70.878266,TDR started to work at 01:10 (a little after the deployment),AR95,2025-10-23,2025,10,23,01:06:00
135,2025-10-23T01:15:25Z,Bongo Net,recover,L3,B19,40.855604,-70.876824,NA,AR95,2025-10-23,2025,10,23,01:15:25
141,2025-10-23T10:38:34Z,Bongo Net,deploy,MVCO,B23,41.314582,-70.570714,NA,AR95,2025-10-23,2025,10,23,10:38:34
142,2025-10-23T10:43:25Z,Bongo Net,recover,MVCO,B23,41.31265,-70.574245,NA,AR95,2025-10-23,2025,10,23,10:43:25
20,2026-01-13T18:56:02Z,Bongo Net,deploy,L1,B2,41.194552,-70.883411,NA,AR99,2026-01-13,2026,1,13,18:56:02
21,2026-01-13T19:03:04Z,Bongo Net,recover,L1,B2,41.191023,-70.886702,NA,AR99,2026-01-13,2026,1,13,19:03:04
31,2026-01-14T05:09:51Z,Bongo Net,deploy,L2,B3,41.027763,-70.889529,NA,AR99,2026-01-14,2026,1,14,05:09:51
32,2026-01-14T05:18:38Z,Bongo Net,recover,L2,B3,41.02243,-70.889696,NA,AR99,2026-01-14,2026,1,14,05:18:38
33,2026-01-14T05:46:16Z,Ring Net,deploy,L2,R3,41.040799,-70.884476,vertical tow separate from bongo tow,AR99,2026-01-14,2026,1,14,05:46:16
34,2026-01-14T05:54:31Z,Ring Net,recover,L2,R3,41.040738,-70.884164,vertical tow separate from bongo tow,AR99,2026-01-14,2026,1,14,05:54:31
42,2026-01-14T10:02:02Z,Bongo Net,deploy,L5,B4,40.511451,-70.88251,NA,AR99,2026-01-14,2026,1,14,10:02:02
43,2026-01-14T10:14:02Z,Bongo Net,recover,L5,B4,40.504616,-70.883306,NA,AR99,2026-01-14,2026,1,14,10:14:02
80,2026-01-14T22:40:20Z,Bongo Net,deploy,L9,B5,40.041655,-70.883125,NA,AR99,2026-01-14,2026,1,14,22:40:20
81,2026-01-14T23:03:29Z,Bongo Net,recover,L9,B5,40.030005,-70.883717,NA,AR99,2026-01-14,2026,1,14,23:03:29
84,2026-01-14T23:26:03Z,Ring Net,deploy,L9,R5,40.046689,-70.883184,NA,AR99,2026-01-14,2026,1,14,23:26:03
85,2026-01-14T23:59:01Z,Ring Net,recover,L9,R5,40.048924,-70.883007,NA,AR99,2026-01-14,2026,1,14,23:59:01
82,2026-01-15T01:05:38Z,Bongo Net,deploy,L10,B6,39.935228,-70.882768,NA,AR99,2026-01-15,2026,1,15,01:05:38
83,2026-01-15T01:32:09Z,Bongo Net,recover,L10,B6,39.92187,-70.881212,NA,AR99,2026-01-15,2026,1,15,01:32:09
115,2026-01-15T11:39:08Z,Bongo Net,deploy,L11,B9,39.77074,-70.884039,NA,AR99,2026-01-15,2026,1,15,11:39:08
116,2026-01-15T12:04:02Z,Bongo Net,recover,L11,B9,39.759287,-70.89492,NA,AR99,2026-01-15,2026,1,15,12:04:02
138,2026-01-15T21:53:53Z,Bongo Net,deploy,L6,B10,40.367626,-70.88609,NA,AR99,2026-01-15,2026,1,15,21:53:53
139,2026-01-15T22:04:41Z,Bongo Net,recover,L6,B10,40.363462,-70.890293,NA,AR99,2026-01-15,2026,1,15,22:04:41
140,2026-01-15T23:02:13Z,Ring Net,deploy,L6,R10,40.357536,-70.884601,NA,AR99,2026-01-15,2026,1,15,23:02:13
141,2026-01-15T23:19:47Z,Ring Net,recover,L6,R10,40.355448,-70.883131,NA,AR99,2026-01-15,2026,1,15,23:19:47
176,2026-01-16T20:56:32Z,Bongo Net,deploy,L4,B17,40.692016,-70.902861,NA,AR99,2026-01-16,2026,1,16,20:56:32
177,2026-01-16T21:04:41Z,Bongo Net,recover,L4,B17,40.691704,-70.907678,NA,AR99,2026-01-16,2026,1,16,21:04:41
186,2026-01-16T23:22:28Z,Bongo Net,deploy,L3,B18,40.861826,-70.883717,NA,AR99,2026-01-16,2026,1,16,23:22:28
187,2026-01-16T23:32:19Z,Bongo Net,recover,L3,B18,40.860208,-70.891241,335um net: codend was lost during recovery due to strong wind/currents,AR99,2026-01-16,2026,1,16,23:32:19
192,2026-01-17T04:00:50Z,Bongo Net,deploy,L7,B19,40.254843,-70.892294,NA,AR99,2026-01-17,2026,1,17,04:00:50
193,2026-01-17T04:18:36Z,Bongo Net,recover,L7,B19,40.249138,-70.900986,NA,AR99,2026-01-17,2026,1,17,04:18:36
201,2026-01-17T08:20:02Z,Bongo Net,deploy,L8,B20,40.150914,-70.881776,NA,AR99,2026-01-17,2026,1,17,08:20:02
202,2026-01-17T08:37:02Z,Bongo Net,recover,L8,B20,40.143766,-70.889512,NA,AR99,2026-01-17,2026,1,17,08:37:02
262,2026-01-18T09:20:00Z,Bongo Net,deploy,MVCO,B24,41.31432,-70.573091,NA,AR99,2026-01-18,2026,1,18,09:20:00
263,2026-01-18T09:29:39Z,Bongo Net,recover,MVCO,B24,41.310669,-70.580036,NA,AR99,2026-01-18,2026,1,18,09:29:39
5,2026-04-22T16:46:00Z,Bongo Net,deploy,L1,NA,41.196723,-70.887287,wire jumped sheave abort Bongo; Rough recovery of the Bongo Net with PX sensor; no sample collected,HRS2601,2026-04-22,2026,4,22,16:46:00
6,2026-04-22T19:50:13Z,Bongo Net,other,L1,NA,41.190577,-70.883858,Test tow of Mash4k winch with bongo and two weights attached. This is an approximate time of test.,HRS2601,2026-04-22,2026,4,22,19:50:13
13,2026-04-23T15:08:00Z,Bongo Net,deploy,L4,B1,40.69263,-70.879345,NA,HRS2601,2026-04-23,2026,4,23,15:08:00
14,2026-04-23T15:21:53Z,Bongo Net,recover,L4,B1,40.701045,-70.88541,NA,HRS2601,2026-04-23,2026,4,23,15:21:53
15,2026-04-23T17:08:53Z,Bongo Net,deploy,L5,B2,40.573118,-70.885053,NA,HRS2601,2026-04-23,2026,4,23,17:08:53
16,2026-04-23T17:21:05Z,Bongo Net,recover,L5,B2,40.567798,-70.882003,NA,HRS2601,2026-04-23,2026,4,23,17:21:05
25,2026-04-24T06:24:02Z,Bongo Net,deploy,L10,B3,39.938665,-70.885208,NA,HRS2601,2026-04-24,2026,4,24,06:24:02
26,2026-04-24T06:50:41Z,Bongo Net,recover,L10,B3,39.949552,-70.874737,NA,HRS2601,2026-04-24,2026,4,24,06:50:41
39,2026-04-24T14:13:56Z,Bongo Net,deploy,L11,B5,39.76816,-70.891165,there was no CTD at L11 so B5 is not correct cast number. I chose it based off of what the cast number would have been if the CTD deployment had been successful,HRS2601,2026-04-24,2026,4,24,14:13:56
40,2026-04-24T14:45:36Z,Bongo Net,recover,L11,B5,39.779405,-70.878628,NA,HRS2601,2026-04-24,2026,4,24,14:45:36
44,2026-04-24T22:38:14Z,Bongo Net,deploy,L9,B7,40.044395,-70.891848,NA,HRS2601,2026-04-24,2026,4,24,22:38:14
45,2026-04-24T23:01:41Z,Bongo Net,recover,L9,B7,40.042133,-70.904833,NA,HRS2601,2026-04-24,2026,4,24,23:01:41
57,2026-04-25T05:36:41Z,Bongo Net,deploy,L6,B8,40.346605,-70.89145,NA,HRS2601,2026-04-25,2026,4,25,05:36:41
58,2026-04-25T05:51:24Z,Bongo Net,recover,L6,B8,40.345233,-70.882355,NA,HRS2601,2026-04-25,2026,4,25,05:51:24
51,2026-04-25T07:53:03Z,Bongo Net,deploy,L8,B9,40.154012,-70.888207,NA,HRS2601,2026-04-25,2026,4,25,07:53:03
52,2026-04-25T08:14:18Z,Bongo Net,recover,L8,B9,40.159502,-70.87866,NA,HRS2601,2026-04-25,2026,4,25,08:14:18
53,2026-04-25T12:21:56Z,Bongo Net,deploy,L7,B10,40.255968,-70.891995,NA,HRS2601,2026-04-25,2026,4,25,12:21:56
54,2026-04-25T12:35:05Z,Bongo Net,recover,L7,B10,40.251523,-70.89929,NA,HRS2601,2026-04-25,2026,4,25,12:35:05
75,2026-04-26T02:50:03Z,Bongo Net,deploy,L3,B11,40.86663,-70.891937,green pea soup of phytoplankton clogged the net; subsampled for 500mL out of 3L at 335um mesh; subsampled 500mL out of 7L at 150um mesh,HRS2601,2026-04-26,2026,4,26,02:50:03
76,2026-04-26T02:57:29Z,Bongo Net,recover,L3,B11,40.864847,-70.886633,NA,HRS2601,2026-04-26,2026,4,26,02:57:29
114,2026-04-26T21:48:35Z,Bongo Net,deploy,L2,B15,41.042935,-70.883237,NA,HRS2601,2026-04-26,2026,4,26,21:48:35
115,2026-04-26T21:54:38Z,Bongo Net,recover,L2,B15,41.042517,-70.880895,NA,HRS2601,2026-04-26,2026,4,26,21:54:38
120,2026-04-27T03:20:00Z,Bongo Net,deploy,L1,B19,41.196548,-70.883783,NA,HRS2601,2026-04-27,2026,4,27,03:20:00
121,2026-04-27T03:26:41Z,Bongo Net,recover,L1,B19,41.199015,-70.88737,NA,HRS2601,2026-04-27,2026,4,27,03:26:41
134,2026-04-27T06:00:00Z,Bongo Net,deploy,MVCO,B20,41.31202,-70.571967,time is approximate,HRS2601,2026-04-27,2026,4,27,06:00:00
135,2026-04-27T06:11:00Z,Bongo Net,recover,MVCO,B20,41.310165,-70.583107,time is approximate,HRS2601,2026-04-27,2026,4,27,06:11:00
18,2022-04-20T17:35:00Z,Ring Net,deploy,L3,R2,40.862962,-70.883101,Target Depth 52m,AR66B,2022-04-20,2022,4,20,17:35:00
27,2022-04-20T22:29:14Z,Ring Net,deploy,L5,R4,40.512558,-70.882168,Target Depth 73m,AR66B,2022-04-20,2022,4,20,22:29:14
28,2022-04-20T22:35:30Z,Ring Net,recover,L5,R4,40.512535,-70.882172,Target Depth 73m,AR66B,2022-04-20,2022,4,20,22:35:30
41,2022-04-21T15:52:24Z,Ring Net,deploy,L10,R6,39.940094,-70.87972,Target Depth 200m,AR66B,2022-04-21,2022,4,21,15:52:24
48,2022-04-20T17:40:00Z,Ring Net,recover,L3,R2,40.862958,-70.883084,Target Depth 52m,AR66B,2022-04-20,2022,4,20,17:40:00
49,2022-04-21T16:07:00Z,Ring Net,recover,L10,R6,39.942374,-70.878484,Target Depth 200m,AR66B,2022-04-21,2022,4,21,16:07:00
119,2022-04-22T02:40:00Z,Ring Net,deploy,L11,R8,39.775476,-70.87314,Target Depth 200m,AR66B,2022-04-22,2022,4,22,02:40:00
120,2022-04-22T02:55:00Z,Ring Net,recover,L11,R8,39.77653,-70.868857,Target Depth 200m,AR66B,2022-04-22,2022,4,22,02:55:00
121,2022-04-23T15:45:00Z,Ring Net,deploy,L9,R15,40.098068,-70.887222,Target Depth 144m,AR66B,2022-04-23,2022,4,23,15:45:00
122,2022-04-23T15:55:00Z,Ring Net,recover,L9,R15,40.098059,-70.888144,Target Depth 144m,AR66B,2022-04-23,2022,4,23,15:55:00
123,2022-04-24T14:48:00Z,Ring Net,deploy,L7,R19,40.226381,-70.883644,Target Depth 144m,AR66B,2022-04-24,2022,4,24,14:48:00
124,2022-04-24T14:55:00Z,Ring Net,recover,L7,R19,40.226226,-70.884471,Target Depth 123m,AR66B,2022-04-24,2022,4,24,14:55:00
125,2022-04-24T22:50:00Z,Ring Net,recover,L8,R20,40.134149,-70.770102,Target Depth 130m,AR66B,2022-04-24,2022,4,24,22:50:00
126,2022-04-24T22:41:00Z,Ring Net,deploy,L8,R20,40.134111,-70.770087,Target Depth 132m,AR66B,2022-04-24,2022,4,24,22:41:00
230,2022-04-25T21:43:00Z,Ring Net,recover,L6,R22,40.361614,-70.875987,Target Depth 91m,AR66B,2022-04-25,2022,4,25,21:43:00
231,2022-04-25T21:35:00Z,Ring Net,deploy,L6,R22,40.361614,-70.876003,Target Depth 91m,AR66B,2022-04-25,2022,4,25,21:35:00
