cruise,station,cast,max_depth,corrected_max_depth,offset_m,comment
AR77,L10,B6,212.91,212.91,0,
AR77,L11,B8,201.61,201.61,0,
AR77,L2,B2,38.35,38.35,0,
AR77,L3,B18,51.25,51.25,0,
AR77,L4,B19,64.66,64.66,0,
AR77,L5,B5,65.54,65.54,0,
AR77,L6,B10,84.44,84.44,0,
AR77,L7,B17,121.1,121.1,0,
AR77,L8,B16,137.05,137.05,0,
AR77,L9,B13,219.91,219.91,0,
AR77,MVCO,B35,6.3,6.3,0,
AT46,L1,B1,23.44,11.44,12,
AT46,L11,B7,179.16,175.16,4,
AT46,L2,B21,47.7,43.7,4,
AT46,L3,B22,51.69,47.69,4,
AT46,L4,B2,69.51,65.51,4,hit bottom  
AT46,L5,B3,66.68,62.68,4,
AT46,L6,B6,87.87,83.87,4,
AT46,L7,B14,84.04,80.04,4,
AT46,L9,B12,87.81,83.81,4,
AT46,MVCO,B23,18.31,14.31,4,
EN617,L10,B18,167.34,167.34,0,
EN617,L11,B21,168.16,168.16,0,
EN617,L11,B25A,17.56,17.56,0,
EN617,L2,B2,35.28,35.28,0,
EN617,L3,B5,49.7,49.7,0,
EN617,L4,B8,62.44,62.44,0,
EN617,L5,B9,62.43,62.43,0,
EN617,L6,B12,79.91,79.91,0,
EN617,L7,B13,106.29,106.29,0,
EN617,L8,B14,121.4,121.4,0,
EN617,L9,B17,115.56,115.56,0,
EN617,MVCO,B35,14.63,14.63,0,
EN649,L1,B1,19.88,19.88,0,
EN649,L10,B12,221.97,221.97,0,
EN649,L11,B16,243.71,243.71,0,
EN649,L2,B5,44.02,44.02,0,
EN649,L3,B6,45.76,45.76,0,
EN649,L4,B21,58.46,58.46,0,
EN649,L5,B20,75.25,75.25,0,
EN649,L6,B19,96.46,96.46,0,
EN649,L7,B7,108.57,108.57,0,
EN649,L8,B8,110.26,110.26,0,
EN649,L9,B11,106.48,106.48,0,
EN649,MVCO,B2,17.36,17.36,0,
EN655,L1,B1,24.22,21.22,3,
EN655,L10,B12,201.68,201.68,0,
EN655,L2,B2,49.39,43.39,6,
EN655,L3,B3,52.24,46.24,6,
EN655,L4,B7,57.68,51.68,6,
EN655,L5,B10,78.37,72.37,6,
EN655,L6,B16,60.09,60.09,0,
EN655,L7,B11,128.71,128.71,0,
EN655,L9,B15,146.77,146.77,0,hit bottom - no sample
EN657,L10,B9,197.83,197.83,0,
EN657,L11,B12,180.69,180.69,0,
EN657,L1,B1,16.23,16.23,0,this profile is in the L3 TDR file
EN657,L2,B5,31.08,31.08,0,
EN657,L3,B2,43.32,43.32,0,
EN657,L4,B6,55.48,55.48,0,
EN657,L5,B7,66.47,66.47,0,
EN657,L6,B17,73.56,73.56,0,this file seems to have two profiles
EN657,L7,B19,112.09,112.09,0,
EN657,L8,B15,106.89,106.89,0,L8 and L9 tdr are together
EN657,L9,B14,123.3,123.3,0,
EN657,MVCO,B20,12.72,12.72,0,
EN687,L1,B1,17.13,17.13,0,
EN687,L2,B2,40.31,40.31,0,TDR file for this profile originally labeled L1B1
EN687,L10,B7,159.84,159.84,0,
EN687,L11,B10,269.9,269.9,0,
EN687,L3,B22,39.41,39.41,0,
EN687,L4,B5,49.75,49.75,0,
EN687,L5,B6,61.23,61.23,0,
EN687,L6,B18,77.42,77.42,0,
EN687,L7,B21,123.41,123.41,0,
EN687,L8,B16,133.91,133.91,0,
EN687,L9,B13,132.74,132.74,0,
EN687,MVCO,B26,11.61,11.61,0,
EN706,L1,B1,29.66,17.66,12,
EN706,L10,B10,218.52,205.287,13.233,ctd_corrected
EN706,L11,B9,214.05,202.05,12,
EN706,L2,B2,50.28,37.053,13.227,ctd_corrected
EN706,L3,B20,62.83,50.048,12.782,ctd_corrected
EN706,L4,B5,75.56,63.56,12,ctd failed
EN706,L5,B6,94.31,82.31,12,ctd failed
EN706,L6,B19,100.93,88.636,12.294,ctd_corrected
EN706,L8,B15,145.37,132.572,12.798,ctd_corrected
EN706,L9,B13,217.66,204.692,12.968,ctd_corrected
EN706,L7,B14,133,120.555,12.445,ctd_corrected
EN706,MVCO,B24,29.91,17.02,12.89,ctd_corrected
EN712,L1,B1,15.8,15.8,0,
EN712,L10,B7,184.63,184.63,0,
EN712,L11,B10,197.1,197.1,0,
EN712,L2,B17,38.93,38.93,0,
EN712,L4,B15,52.72,52.72,0,
EN712,L5,B2,71.42,71.42,0,
EN712,L6,B5,92.2,92.2,0,
EN712,L7,B6,100.32,100.32,0,
EN712,L9,B11,207.38,207.38,0,
EN712,MVCO,B20,8.96,8.96,0,
HRS2303,L1,B2,18.59,18.59,0,
HRS2303,L10,B7,146.6,146.6,0,
HRS2303,L11,B8,115.28,115.28,0,
HRS2303,L2,B12,38.52,38.52,0,
HRS2303,L3,B11,41.77,41.77,0,
HRS2303,L4,B10,53.74,53.74,0,
HRS2303,L5,B3,73.69,73.69,0,
HRS2303,L6,B9,59.13,59.13,0,
HRS2303,L7,B4,75.81,75.81,0,
HRS2303,L8,B5,113.75,113.75,0,
HRS2303,L9,B6,182.1,182.1,0,
HRS2303,MVCO,B1,12.86,12.86,0,
EN608,L1,B1,18.42,18.42,0,
EN608,L2,B4,44.26,44.26,0,
EN608,L4,B8,63.65,63.65,0,
EN608,L5,B9,76.89,76.89,0,
EN608,L3,B5,53.95,53.95,0,
EN627,L04,B12,67.24,67.24,0,
EN627,L06,B16,77.63,77.63,0,
EN627,L07,B17,94.47,94.47,0,
EN627,L08,B19,132.17,132.17,0,
EN627,L09,B22,116.98,116.98,0,
EN627,L10,B24,196.67,196.67,0,
EN627,L11,B25,167.7,167.7,0,
EN627,u11c,B29,231.05,231.05,0,
EN627,L05,B40,65.4,65.4,0,
EN627,L01,B44,20.46,20.46,0,
EN627,MVCO,B45,16.97,16.97,0,
EN627,L02,B7,33.78,33.78,0,
EN627,L03,B8,44.16,44.16,0,
EN644,L3,B5,47.76,42.16,5.6,
EN644,L6,B7,93.87,88.27,5.6,
EN644,L7,B8,117.35,111.75,5.6,
EN644,L10,B13,223.75,218.15,5.6,
EN644,L11,B17,209.02,203.42,5.6,
EN644,L9,B18,127.99,122.39,5.6,
EN644,L5,B22,65.79,65.79,0,
EN644,L4,B23,63.7,63.7,0,
EN644,MVCO,B29,13.01,13.01,0,
EN644,L1,B1,23.21,19.21,4,
EN644,L2,B2,50.11,46.11,4,
EN668,L1,B1,16.392,16.392,0,CTD only no tdr
EN668,L4,B5,60.673,60.673,0,CTD only no tdr
EN668,L5,B7,70.677,70.677,0,CTD only no tdr
EN668,L2,B2,40.565,40.565,0,CTD only no tdr
EN668,L10,B8,196.617,196.617,0,CTD only no tdr
EN668,L11,B11,202.989,202.989,0,CTD only no tdr
EN668,L9,B14,140.488,140.488,0,CTD only no tdr
EN668,L8,B15,128.508,128.508,0,CTD only no tdr
EN668,L7,B17,123.697,123.697,0,CTD only no tdr
EN668,L6,B18,81.238,81.238,0,CTD only no tdr
EN668,MVCO,B25,16.093,16.093,0,CTD only no tdr
EN668,L3,B21,51,51,0,CTD only no tdr
