cruise,station,cast,tdr_max_depth_m,px_max_depth_m,ctd_bongo_max_depth_m,offset_m
AE2426,L1,B1,9.22,NA,NA,3.3
AE2426,L10,B11,139,NA,NA,3.3
AE2426,L11,B10,125.19,NA,NA,3.3
AE2426,L2,B19,33.53,38.38,NA,3.3
AE2426,L2,B4,31.22,NA,NA,3.3
AE2426,L4,B18,51.4,55.4,NA,3.3
AE2426,L5,B5,46.43,NA,NA,3.3
AE2426,L6,B17,89.16,93.25,NA,3.3
AE2426,L7,B15,104.28,108.73,NA,3.3
AE2426,L8,B13,130.75,134.81,NA,3.3
AE2426,L9,B12,NA,NA,NA,3.3
AR77,L10,B6,212.91,NA,NA,0
AR77,L11,B8,201.61,NA,NA,0
AR77,L2,B2,38.35,NA,NA,0
AR77,L3,B18,51.25,NA,NA,0
AR77,L4,B19,64.66,NA,NA,0
AR77,L5,B5,65.54,NA,NA,0
AR77,L6,B10,84.44,NA,NA,0
AR77,L7,B17,121.1,NA,NA,0
AR77,L8,B16,137.05,NA,NA,0
AR77,L9,B13,219.91,NA,NA,0
AR77,MVCO,B35,6.3,NA,NA,0
AR88,L1,B1,14.44,NA,NA,4.3
AR88,L10,B6,201.85,207.7,NA,4.3
AR88,L11,B9,204.61,210.08,NA,4.3
AR88,L2,B19,41,45.38,NA,4.3
AR88,L3,B18,46.03,51.21,NA,4.3
AR88,L4,B2,53.07,58.1,NA,4.3
AR88,L5,B5,69.44,73.21,NA,4.3
AR88,L6,B10,77.27,83.12,NA,4.3
AR88,L7,B16,113.57,122.19,NA,4.3
AR88,L8,B17,128.36,133.27,NA,4.3
AR88,L9,B15,205.8,209.87,NA,4.3
AR88,MVCO,B22,5.73,NA,NA,4.3
AR92,L1,B1,9.67,27.67,NA,4.6
AR92,L10,B8,207.31,213.74,NA,4.6
AR92,L11,B11,201.8,208.39,NA,4.6
AR92,L2,B2,31.28,37.58,NA,4.6
AR92,L3,B22,43.34,49.09,NA,4.6
AR92,L4,B6,59.08,64.99,NA,4.6
AR92,L5,B7,70.46,76.02,NA,4.6
AR92,L6,B12,80.23,86.2,NA,4.6
AR92,L7,B21,115.35,122.03,NA,4.6
AR92,L8,B17,132.93,138.84,NA,4.6
AR92,L9,B20,197.3,203.4,NA,4.6
AR92,MVCO,B26,7.07,NA,NA,4.6
AR95,L1,B1,5.63,11.93,NA,5.3
AR95,L10,B7,194.98,201.87,NA,5.3
AR95,L11,B10,197.57,204.52,NA,5.3
AR95,L2,B2,38.65,44.58,NA,5.3
AR95,L3,B19,47.04,59.05,NA,5.3
AR95,L4,B5,52.21,58.58,NA,5.3
AR95,L5,B6,68.68,74.22,NA,5.3
AR95,L6,B11,85.22,NA,NA,5.3
AR95,L7,B18,115.6,122.19,NA,5.3
AR95,L8,B17,121.46,127.49,NA,5.3
AR95,L9,B16,198.01,205.79,NA,5.3
AR95,MVCO,B23,7.18,NA,NA,5.3
AR99,L1,B2,12.56,NA,NA,5.9
AR99,L10,B6,187.42,194.82,NA,5.9
AR99,L11,B9,192.76,199,NA,5.9
AR99,L2,B3,39.11,NA,NA,5.9
AR99,L2,R3,36.56,NA,NA,5.9
AR99,L3,B18,41.38,52.91,NA,5.9
AR99,L4,B17,57.37,64.83,NA,5.9
AR99,L5,B4,62.72,70.82,NA,5.9
AR99,L6,B10,83.06,89.43,NA,5.9
AR99,L6,R10,88.37,NA,NA,5.9
AR99,L7,B19,112.07,118.69,NA,5.9
AR99,L8,B20,131.47,138.46,NA,5.9
AR99,L9,B5,197.61,NA,NA,5.9
AR99,L9,R5,197.95,NA,NA,5.9
AR99,MVCO,B24,7.9,NA,NA,5.9
AT46,L1,B1,23.44,NA,NA,-10
AT46,L11,B7,179.16,NA,NA,-4
AT46,L2,B21,47.7,NA,NA,-4
AT46,L3,B22,51.69,NA,NA,-4
AT46,L4,B2,69.51,NA,NA,-4
AT46,L5,B3,66.68,NA,NA,-4
AT46,L6,B6,87.87,NA,NA,-4
AT46,L7,B14,84.04,NA,NA,-4
AT46,L8,B13,NA,NA,NA,-4
AT46,L9,B12,87.81,NA,NA,-4
AT46,MVCO,B23,18.31,NA,NA,-4
EN608,L1,B1,18.42,NA,NA,-1.3
EN608,L2,B4,44.26,NA,NA,-1.3
EN608,L3,B5,53.95,NA,NA,-1.3
EN608,L4,B8,63.65,NA,NA,-1.3
EN608,L5,B9,76.89,NA,NA,-1.3
EN617,L10,B18,167.34,NA,NA,-1
EN617,L11,B21,168.16,NA,NA,-1
EN617,L2,B2,35.28,NA,NA,-1
EN617,L3,B5,49.7,NA,NA,-1
EN617,L4,B8,62.44,NA,NA,-1
EN617,L5,B9,62.43,NA,NA,-1
EN617,L6,B12,79.91,NA,NA,-1
EN617,L7,B13,106.29,NA,NA,-1
EN617,L8,B14,121.4,NA,NA,-1
EN617,L9,B17,115.56,NA,NA,-1
EN617,MVCO,B35,14.63,NA,NA,-1
EN627,L1,B44,20.46,NA,NA,-2
EN627,L10,B24,196.67,NA,NA,-2
EN627,L11,B25,167.7,NA,NA,-2
EN627,L2,B7,33.78,NA,NA,-2
EN627,L3,B8,44.16,NA,NA,-2
EN627,L4,B12,67.24,NA,NA,-2
EN627,L5,B40,65.4,NA,NA,-2
EN627,L6,B16,77.63,NA,NA,-2
EN627,L7,B17,94.47,NA,NA,-2
EN627,L8,B19,132.17,NA,NA,-2
EN627,L9,B22,116.98,NA,NA,-2
EN627,MVCO,B45,16.97,NA,NA,-2
EN627,u11c,B29,231.05,NA,NA,-2
EN644,L1,B1,23.21,NA,NA,-4
EN644,L10,B13,223.75,NA,NA,-4
EN644,L11,B17,209.02,NA,NA,-4
EN644,L2,B2,50.11,NA,NA,-4
EN644,L3,B5,47.76,NA,NA,-4
EN644,L4,B23,63.7,NA,NA,0
EN644,L5,B22,65.79,NA,NA,0
EN644,L6,B7,93.87,NA,NA,-4
EN644,L7,B8,117.35,NA,NA,-4
EN644,L9,B18,127.99,NA,NA,-4
EN644,MVCO,B29,13.01,NA,NA,0
EN649,L1,B1,19.88,NA,NA,0
EN649,L10,B12,221.97,NA,NA,0
EN649,L11,B16,243.71,NA,NA,0
EN649,L2,B5,44.02,NA,NA,0
EN649,L3,B6,45.76,NA,NA,0
EN649,L4,B21,58.46,NA,NA,0
EN649,L5,B20,75.25,NA,NA,0
EN649,L6,B19,96.46,NA,NA,0
EN649,L7,B7,108.57,NA,NA,0
EN649,L8,B8,110.26,NA,NA,0
EN649,L9,B11,106.48,NA,NA,0
EN649,MVCO,B2,17.36,NA,NA,0
EN655,L1,B1,24.22,NA,NA,0
EN655,L10,B12,201.68,NA,NA,0
EN655,L2,B2,49.39,NA,NA,-5
EN655,L3,B3,52.24,NA,NA,-5
EN655,L4,B7,57.68,NA,NA,-5
EN655,L5,B10,78.37,NA,NA,-5
EN655,L6,B16,60.09,NA,NA,0
EN655,L7,B11,128.71,NA,NA,0
EN655,L9,B15,146.77,NA,NA,0
EN657,L1,B1,16.23,NA,NA,0
EN657,L10,B9,197.83,NA,NA,0
EN657,L11,B12,180.69,NA,NA,0
EN657,L2,B5,31.08,NA,NA,0
EN657,L3,B2,43.32,NA,NA,0
EN657,L4,B6,55.48,NA,NA,0
EN657,L5,B7,66.47,NA,NA,0
EN657,L6,B17,73.56,NA,NA,0
EN657,L7,B19,112.09,NA,NA,0
EN657,L8,B15,106.89,NA,NA,0
EN657,L9,B14,123.3,NA,NA,0
EN657,MVCO,B20,12.72,NA,NA,0
EN687,L1,B1,17.13,NA,NA,0
EN687,L10,B7,159.84,NA,NA,0
EN687,L11,B10,269.9,NA,NA,0
EN687,L2,B2,40.31,NA,NA,0
EN687,L3,B22,39.41,NA,NA,0
EN687,L4,B5,49.75,NA,NA,0
EN687,L5,B6,61.23,NA,NA,0
EN687,L6,B18,77.42,NA,NA,0
EN687,L7,B21,123.41,NA,NA,0
EN687,L8,B16,133.91,NA,NA,0
EN687,L9,B13,132.74,NA,NA,0
EN687,MVCO,B26,11.61,NA,NA,0
EN706,L1,B1,29.66,NA,NA,-10.5
EN706,L10,B10,218.52,NA,205.287,-10.5
EN706,L11,B9,214.05,NA,NA,-10.5
EN706,L2,B2,50.28,NA,NA,-10.5
EN706,L3,B20,62.83,NA,50.048,-10.5
EN706,L4,B5,75.56,NA,NA,-19
EN706,L5,B6,94.31,NA,71.491,-19
EN706,L6,B19,100.93,NA,NA,-10.5
EN706,L7,B14,133.63,NA,120.555,-10.5
EN706,L8,B15,145.37,NA,132.572,-10.5
EN706,L9,B13,217.66,NA,NA,-10.5
EN706,MVCO,B24,29.91,NA,NA,-10.5
EN712,L1,B1,15.8,NA,NA,1.7
EN712,L10,B7,184.63,NA,NA,1.7
EN712,L11,B10,197.1,NA,NA,1.7
EN712,L2,B17,38.93,NA,NA,1.7
EN712,L4,B15,52.72,NA,NA,1.7
EN712,L5,B2,71.42,NA,NA,1.7
EN712,L6,B5,92.2,NA,NA,1.7
EN712,L7,B6,100.32,NA,NA,1.7
EN712,L9,B11,207.38,NA,NA,1.7
EN712,MVCO,B20,8.96,NA,NA,1.7
EN715,L1,B1,11.77,NA,NA,2
EN715,L10,B7,221.54,NA,NA,2
EN715,L11,B10,219.8,NA,NA,2
EN715,L2,B2,35.34,NA,NA,2
EN715,L3,B15,43.43,NA,NA,2
EN715,L4,B5,59.55,NA,NA,2
EN715,L5,B6,72.33,NA,NA,2
EN715,L6,B13,81.87,NA,NA,2
EN715,L7,B19,118.38,NA,NA,2
EN715,L8,B14,137.13,NA,NA,2
EN715,L9,B18,169.8,NA,NA,2
EN715,MVCO,B23,6.64,NA,NA,2
EN720,L1,B2,9.91,NA,NA,2.9
EN720,L10,B8,166.8,NA,NA,2.9
EN720,L11,B11,162.5,NA,NA,2.9
EN720,L2,B3,29.13,NA,NA,2.9
EN720,L3,B20,50.81,NA,NA,2.9
EN720,L4,B6,44.4,NA,NA,2.9
EN720,L5,B7,54.15,NA,NA,2.9
EN720,L6,B14,50.29,NA,NA,2.9
EN720,L7,B16,89.26,NA,NA,2.9
EN720,L8,B15,113.37,NA,NA,2.9
EN720,L9,B19,219.56,NA,NA,2.9
EN720,MVCO,B24,8.34,NA,NA,2.9
EN727,L1,B1,9.4,NA,NA,4
EN727,L10,B9,199.85,204.15,NA,4
EN727,L11,B6,203.16,207.86,NA,4
EN727,L2,B2,38.13,NA,NA,4
EN727,L3,B20,44.96,49.83,NA,4
EN727,L4,B5,56.69,61.28,NA,4
EN727,L5,B19,65.75,69.87,NA,4
EN727,L6,B17,85.27,89.16,NA,4
EN727,L7,B14,117.36,122.72,NA,4
EN727,L8,B10,129.85,135.5,NA,4
EN727,L9,B11,200.83,NA,NA,4
EN727,MVCO,B21,8.95,NA,NA,4
HRS2303,L1,B2,18.59,NA,NA,-5
HRS2303,L10,B7,146.6,NA,NA,-5
HRS2303,L11,B8,115.28,NA,NA,-5
HRS2303,L2,B12,NA,NA,NA,-5
HRS2303,L3,B11,41.77,NA,NA,-5
HRS2303,L4,B10,53.74,NA,NA,-5
HRS2303,L5,B3,73.69,NA,NA,-5
HRS2303,L6,B9,59.13,NA,NA,-5
HRS2303,L7,B4,75.81,NA,NA,-5
HRS2303,L8,B5,113.75,NA,NA,-5
HRS2303,L9,B6,182.1,NA,NA,-5
HRS2303,MVCO,B1,12.86,NA,NA,-5
